ticker,interest_expense
A,16000000.0
A21,9801905.0
AA,156000000.0
AAC,0.0
AACG,112474.0
AACI,1052.0
AACT,4951000.0
AAGH,443662.0
AAIC,27584000.0
AAL,1466000000.0
AAM,6625035.0
AAMC,2793000.0
AAN,48974235.0
AAOI,5952000.0
AAON,2627000.0
AAP,50841000.0
AAPL,0.0
AAT,74527000.0
AAWH,45263000.0
AAWW,72937000.0
ABBV,2160000000.0
ABCL,38473000.0
ABEO,38000.0
ABG,160600000.0
ABIO,1957000.0
ABIT,1884000.0
ABM,41100000.0
ABMC,191000.0
ABMD,0.0
ABML,134989.0
ABNB,818000000.0
ABOS,10249000.0
ABR,0.0
ABSI,565000.0
ABT,215000000.0
ABTL,1011000.0
ABUS,6448000.0
ABVC,738541.0
AC,32233000.0
ACA,63400000.0
ACAC,2118942.0
ACAD,25458000.0
ACAH,4645291.0
ACAN,508721.0
ACAQ,0.0
ACBA,283.0
ACC,116419000.0
ACCD,5952000.0
ACCO,45100000.0
ACEL,35892000.0
ACER,11847902000.0
ACET,10710000.0
ACHC,116368000.0
ACHR,2300000.0
ACHV,176000.0
ACI,492100000.0
ACIA,5598000.0
ACIW,56545000.0
ACLS,18941000.0
ACLX,1030000.0
ACM,126860000.0
ACMR,5673000.0
ACN,213287000.0
ACOR,31003000.0
ACR,0.0
ACRE,105985000.0
ACRO,10478.0
ACRS,7953000.0
ACRV,9201000.0
ACRX,134000.0
ACST,5271000.0
ACTG,6432000.0
ACU,2977164.0
ACVA,5093000.0
ACXP,0.0
ADAG,315822.0
ADAP,3248000.0
ADBE,169000000.0
ADC,108904000.0
ADCT,37939000.0
ADER,3765624.0
ADES,3257000.0
ADEX,34001000.0
ADI,243410000.0
ADIL,69779.0
ADM,103000000.0
ADMA,11833000.0
ADMP,44126.0
ADMS,13987000.0
ADN,52000.0
ADOM,7669.0
ADP,361400000.0
ADPT,11580000.0
ADRA,11715000.0
ADRT,16323.0
ADSK,82000000.0
ADT,263068000.0
ADTN,18995000.0
ADUS,3338000.0
ADV,104387000.0
ADVM,0.0
ADXS,157000.0
AE,1913000.0
AEE,663000000.0
AEHA,2046000.0
AEHR,2388000.0
AEI,131319.0
AEIS,3122000.0
AEMD,288013.0
AEO,14297000.0
AEP,1806900000.0
AERC,0.0
AERG,3727.0
AERI,0.0
AESE,789302.0
AEVA,3707000.0
AEYE,864000.0
AFCG,6357457.0
AFGS,0.0
AFI,12000000.0
AFIB,5561000.0
AFRM,0.0
AFTC,0.0
AGCO,93000000.0
AGE,526000.0
AGEN,61863000.0
AGFS,22206000.0
AGIO,48083000.0
AGL,6177000.0
AGM,0.0
AGMH,0.0
AGNC,625000000.0
AGR,409000000.0
AGS,51188000.0
AGTI,84115000.0
AGX,0.0
AGYS,2253000.0
AH,18900000.0
AHCO,109414000.0
AHFC,2445000000.0
AHH,39680000.0
AHPI,191274.0
AHR,105956000.0
AHT,155912000.0
AI,36189000.0
AILIM,486000000.0
AIM,1069000.0
AIMC,51500000.0
AIMD,10185.0
AIN,12549000.0
AINC,9625000.0
AINV,0.0
AIP,244000.0
AIR,2300000.0
AIRC,121340000.0
AIRG,115000.0
AIRI,1893000.0
AIRS,6247000.0
AIRTP,7935000.0
AIT,2831000.0
AIV,50625000.0
AJG,381000000.0
AJRD,13200000.0
AKA,10296000.0
AKAM,27117000.0
AKLI,2358000.0
AKOM,0.0
AKR,67472000.0
AKRO,4668000.0
AKTS,2658000.0
AKTX,236000.0
AKU,118012000.0
AKYA,7923000.0
AL,781996000.0
ALB,122973000.0
ALBO,2530000.0
ALC,192000000.0
ALCC,7732000.0
ALCO,3153000.0
ALDX,4265588.0
ALE,81700000.0
ALEC,0.0
ALEX,25656000.0
ALG,17911000.0
ALGM,28842000.0
ALGN,20218000.0
ALGS,10548000.0
ALGT,112431000.0
ALHC,23547000.0
ALIM,10185000.0
ALIT,103000000.0
ALJJ,10190000.0
ALKS,19872000.0
ALKT,4099000.0
ALLE,102000000.0
ALLK,6450000.0
ALLO,181000.0
ALLR,120000.0
ALLT,1910000.0
ALMU,1000.0
ALNA,0.0
ALNY,19866000.0
ALOT,1678000.0
ALPA,29466.0
ALPN,11754000.0
ALRM,5615000.0
ALRN,0.0
ALSK,10826000.0
ALSN,89000000.0
ALT,7316000.0
ALTG,24000000.0
ALTI,397000.0
ALTM,217235000.0
ALTO,0.0
ALTR,12065000.0
ALUR,2264000.0
ALV,95000000.0
ALVR,5486000.0
ALX,38389000.0
ALXN,104700000.0
ALXO,7637000.0
ALZN,7701.0
AMAM,968000.0
AMAT,247000000.0
AMBA,0.0
AMBQ,0.0
AMC,401800000.0
AMCIU,8000.0
AMCR,310000000.0
AMCX,129383000.0
AMD,92000000.0
AME,112962000.0
AMED,22654000.0
AMG,133300000.0
AMGN,3155000000.0
AMH,165351000.0
AMHCU,5058000.0
AMK,9108000.0
AMKR,64945000.0
AMLX,13809000.0
AMN,69901000.0
AMOT,13296000.0
AMP,863000000.0
AMPE,348000.0
AMPH,19731000.0
AMPL,0.0
AMPS,19933000.0
AMPX,2514000.0
AMPY,14101000.0
AMR,14397000.0
AMRC,74805000.0
AMRK,12363000.0
AMRN,2804000.0
AMRS,24733000.0
AMRX,258595000.0
AMRZ,512000000.0
AMSC,3708000.0
AMSWA,3820000.0
AMT,830500000.0
AMTX,9888000.0
AMWD,10341000.0
AMWL,0.0
AMZN,2271000000.0
AN,176300000.0
ANAB,19794000.0
ANDE,31760000.0
ANEB,97792.0
ANET,0.0
ANF,27857000.0
ANGI,20169000.0
ANGN,322000.0
ANGO,1614000.0
ANIK,0.0
ANIP,17602000.0
ANIX,5263000.0
ANNX,0.0
ANRO,7476000.0
ANSS,3282000.0
ANTX,5467000.0
ANVS,331849.0
ANY,1183000.0
ANZU,816000.0
AOMR,67052000.0
AON,721000000.0
AORT,32810000.0
AOS,6700000.0
AOSL,1186000.0
AOUT,60000.0
AP,11620000.0
APA,165000000.0
APAM,8610000.0
APD,218800000.0
APDN,75332.0
APEI,2127000.0
APEN,4671000.0
APGE,34742000.0
APH,217000000.0
APHE,241747.0
APLD,17708000.0
APLE,77748000.0
APLS,27618000.0
APLT,3534000.0
APMI,0.0
APO,80755000.0
APOG,6159000.0
APOP,298081.0
APP,317209000.0
APPF,13981000.0
APPH,658000.0
APPN,23582000.0
APPS,34783000.0
APRE,1289144.0
APRN,3664000.0
APT,816000.0
APTM,654.0
APTV,337000000.0
APTX,3019000.0
APVO,0.0
APXI,3020676.0
APY,55868000.0
APYX,4301000.0
AQB,1735303.0
AQMS,198000.0
AQST,16817000.0
AQU,860705.0
AQUA,34680000.0
AR,118207000.0
ARAV,653000.0
ARAY,11624000.0
ARC,1633000.0
ARCB,2638000.0
ARCC,299000000.0
ARCH,10624000.0
ARCO,47238000.0
ARCT,15195000.0
ARD,0.0
ARDX,13006000.0
ARE,185838000.0
AREC,3929284.0
ARES,160499000.0
ARHS,3163000.0
ARIS,36233000.0
ARKO,67161000.0
ARKR,577000.0
ARL,7838000.0
ARLO,5584000.0
ARLP,94000.0
ARMK,366716000.0
ARMP,2447000.0
ARNA,2731000.0
ARNC,104000000.0
AROC,123610000.0
ARPO,6169000.0
ARQT,11042000.0
ARRW,89408.0
ARRY,18048000.0
ARTE,3070568.0
ARTNA,8502000.0
ARVN,12000000.0
ARW,185648000.0
ARWR,9632000.0
ASAN,3683000.0
ASC,4961000.0
ASFH,0.0
ASGN,64300000.0
ASH,149000000.0
ASIX,11311000.0
ASLE,5703000.0
ASMB,0.0
ASNA,107000000.0
ASO,36873000.0
ASPN,11959000.0
ASPS,14547000.0
ASPU,718786.0
ASRT,182000.0
ASTC,197000.0
ASTE,8700000.0
ASTR,5659000.0
ASTS,2675000.0
ASUR,111000.0
ASXC,1553000.0
ASYS,500000.0
ATAI,2346000.0
ATAK,460000.0
ATAX,60032007.0
ATCC,205.0
ATCX,46363000.0
ATEC,24879000.0
ATEN,6747000.0
ATER,949000.0
ATEX,2159000.0
ATGE,63659000.0
ATHA,0.0
ATHX,0.0
ATI,108200000.0
ATKR,35584000.0
ATLC,160173000.0
ATLX,60108.0
ATMU,40600000.0
ATNI,9482000.0
ATNM,3878000.0
ATNX,25480000.0
ATO,190632000.0
ATOM,650000.0
ATOS,4050000.0
ATR,38127000.0
ATRA,2505000.0
ATRC,1973000.0
ATRI,841201.0
ATRO,21998000.0
ATRS,3611000.0
ATSG,58751000.0
ATUS,1763166000.0
ATVCU,16842.0
ATVI,108000000.0
ATXG,18912.0
ATXS,17360000.0
AUDC,2095000.0
AUGG,2550557.0
AUGX,1143000.0
AUMN,373000.0
AUPH,12135000.0
AUR,0.0
AURA,9429000.0
AUTL,31562000.0
AUVI,1741976.0
AVA,144000000.0
AVAC,0.0
AVAH,156104000.0
AVAV,2188000.0
AVB,226589000.0
AVD,16547000.0
AVDL,10830000.0
AVDX,11642000.0
AVEO,4045000.0
AVGO,3953000000.0
AVGR,1719000.0
AVID,9350000.0
AVIR,0.0
AVLR,2203000.0
AVMR,161999.0
AVNS,8800000.0
AVNT,105600000.0
AVNW,2337000.0
AVP,117200000.0
AVPT,41000.0
AVRO,4154000.0
AVT,282867000.0
AVTE,5042000.0
AVTR,218800000.0
AVTX,3417000.0
AVXL,7320000.0
AVY,117000000.0
AVYA,224.0
AWI,27100000.0
AWK,429000000.0
AWR,0.0
AWRE,1167000.0
AWX,1464000.0
AXAS,74000.0
AXDX,6620000.0
AXGN,624000.0
AXL,157900000.0
AXNX,17314000.0
AXON,4294000.0
AXSM,6569000.0
AXTA,205000000.0
AXTI,1340000.0
AY,371334000.0
AYI,4500000.0
AYRO,327196.0
AYX,9000000.0
AZEK,40253000.0
AZO,451578000.0
AZPN,29546000.0
AZTR,247073.0
AZYO,934000.0
AZZ,81282000.0
B,58171000.0
BA,2561000000.0
BACA,3749902.0
BAER,23714000.0
BAH,168000000.0
BALL,225000000.0
BALY,117924000.0
BAND,1861000.0
BARK,2138000.0
BASE,60000.0
BATL,14956000.0
BAX,341000000.0
BB,0.0
BBBY,110497000.0
BBCP,28119000.0
BBGI,21233027.0
BBIO,73742000.0
BBLR,6242.0
BBNX,3909000.0
BBQ,405000.0
BBSI,1244000.0
BBW,15000.0
BBWI,312000000.0
BBXIA,1439000.0
BBY,51000000.0
BC,63800000.0
BCAB,3369000.0
BCAC,0.0
BCC,15072000.0
BCDA,18000.0
BCEI_delisted,2045000.0
BCEL,817000.0
BCLI,77000.0
BCO,235400000.0
BCOR,475000.0
BCOV,150000.0
BCPC,16528000.0
BCRX,83770000.0
BCSF,0.0
BCYC,32554000.0
BCYP,967597.0
BDC,38303000.0
BDN,57158000.0
BDSI,7496000.0
BDSX,9536000.0
BDTX,2182000.0
BDX,365000000.0
BE,37294000.0
BEAM,0.0
BEAT,446000.0
BECN,35200000.0
BEEM,6000.0
BELFB,676000.0
BEN,97200000.0
BENF,14908000.0
BEP,1988000000.0
BERY,311000000.0
BF-A,113000000.0
BFAC,9953034.0
BFAM,48761000.0
BFLY,3759000.0
BFRG,242736.0
BFRI,2035000.0
BFS,53696000.0
BG,332000000.0
BGCP,91075000.0
BGFV,1000000.0
BGNE,47836000.0
BGRY,163000.0
BGS,157447000.0
BGSF,1433000.0
BGSX,15241.0
BGXX,0.0
BH,5892000.0
BHAC,1035820.0
BHC,1355000000.0
BHE,16714000.0
BHG,18701000.0
BHI,252000000.0
BHIL,35064000.0
BHLL,7436287.0
BHR,87818000.0
BHVN,73844000.0
BICX,886627.0
BIG,44758000.0
BIGC,4517000.0
BIIB,0.0
BILL,0.0
BIO,38114000.0
BIRD,19000.0
BIVI,1757219.0
BIXT,193191.0
BJ,47462000.0
BJRI,2888000.0
BKCC,0.0
BKD,8599000.0
BKE,0.0
BKI,100600000.0
BKKT,11000.0
BKNG,181000000.0
BKR,198000000.0
BKSY,10627000.0
BKTI,266000.0
BKUH,193940.0
BL,41050000.0
BLAC,30041.0
BLBD,6443000.0
BLCM,46000.0
BLCO,384000000.0
BLD,56716000.0
BLDE,7214000.0
BLDR,207724000.0
BLFS,485000.0
BLI,360000.0
BLIN,61000.0
BLK,181000000.0
BLKB,55634000.0
BLMN,57588000.0
BLND,6747000.0
BLNK,431000.0
BLPH,135000.0
BLTE,3717000.0
BLUE,879000.0
BLZE,3658000.0
BMAC,4121363.0
BMAQ,5271.0
BMBL,39945000.0
BMEA,0.0
BMI,8613000.0
BMRA,367.0
BMRN,62217000.0
BMY,0.0
BNED,40365000.0
BNET,775041.0
BNFT,20558000.0
BNGO,2101000.0
BNNR,0.0
BNTC,904000.0
BOCN,6848970.0
BODY,8874000.0
BOLT,5255000.0
BOMN,212364.0
BOOM,8664000.0
BOOT,1497000.0
BOX,1032000.0
BOXL,10840000.0
BP,2857000000.0
BPMC,28151000.0
BPMP,4300000.0
BPTH,14000.0
BR,138100000.0
BRACU,629749.0
BRBR,58300000.0
BRC,3126000.0
BRCC,11325000.0
BRDG,3531000.0
BRFH,52000.0
BRID,579000.0
BRIV,2488208.0
BRK-A,5200000000.0
BRKHU,5751596.0
BRKR,38200000.0
BRKS,32891000.0
BRLT,5031000.0
BRMK,8638000.0
BRN,4000.0
BRO,193000000.0
BROG,20915219.0
BROS,27020000.0
BRP,123644000.0
BRSP,48860000.0
BRST,17609832.0
BRT,0.0
BRX,195218000.0
BRZE,0.0
BSET,2643000.0
BSGM,9000.0
BSIG,15900000.0
BSM,1443000.0
BSQR,0.0
BSTG,6000.0
BSX,305000000.0
BSY,22044000.0
BTAI,12527000.0
BTBT,0.0
BTCS,35625.0
BTU,24100000.0
BURL,38003000.0
BURU,637177.0
BV,62400000.0
BVS,9751000.0
BW,45495000.0
BWEN,3078000.0
BWLA,443442.0
BWMN,0.0
BWV,671625.0
BWXT,36921000.0
BX,443688000.0
BXC,19364000.0
BXP,645117000.0
BYD,175784000.0
BYND,4097000.0
BYNO,0.0
BYRN,693000.0
BZ,86986559.0
BZFD,6782000.0
BZH,0.0
BZUN,4140779.0
CAAS,1900000.0
CABA,9277000.0
CABO,137997000.0
CACC,419500000.0
CACI,105059000.0
CADL,1004000.0
CAG,430500000.0
CAH,51000000.0
CAI,61565000.0
CAKE,10107000.0
CAL,13957000.0
CALA,0.0
CALM,585000.0
CALX,2009000.0
CAMP,6260000.0
CAMT,6690000.0
CANG,12993624000.0
CANO,114178000.0
CAPL,52320000.0
CAPR,0.0
CAR,549000000.0
CARA,747000.0
CARG,12196000.0
CARR,157000000.0
CARS,32197000.0
CASA,15320000.0
CASI,321000.0
CASS,0.0
CASY,83951000.0
CAT,1798000000.0
CATM,37097000.0
CATN,8501.0
CATO,6443000.0
CAVA,16474000.0
CBAT,447031.0
CBAY,5455000.0
CBB,89500000.0
CBIO,1547000.0
CBLI,0.0
CBOE,24200000.0
CBRE,215000000.0
CBRG,0.0
CBRL,20933000.0
CBT,49000000.0
CBZ,34379000.0
CC,263000000.0
CCAIU,2086774.0
CCCC,1373000.0
CCCS,52405000.0
CCF,8981000.0
CCH,65000000.0
CCHWF,41448000.0
CCI,696000000.0
CCK,370000000.0
CCL,1662000000.0
CCLP,53899000.0
CCMP,38360000.0
CCO,401541000.0
CCOI,108012000.0
CCRD,0.0
CCRN,14391000.0
CCS,0.0
CCSI,31433000.0
CCTC,1497279.0
CCV,6211118.0
CCXI,1836000.0
CCYC,368.0
CDAK,2674000.0
CDAQ,0.0
CDAY,40600000.0
CDE,51276000.0
CDIO,6733945.0
CDK,124600000.0
CDLX,5553000.0
CDMO,4337000.0
CDNA,11765000.0
CDNS,75999000.0
CDR,9101000.0
CDRE,7822000.0
CDTX,212000.0
CDW,214500000.0
CDXC,1129000.0
CDXS,6723000.0
CDZI,7880000.0
CE,643000000.0
CECE,13020000.0
CEG,506000000.0
CEI,1979290.0
CEIX,29325000.0
CELC,978949.0
CELH,39263000.0
CELU,2839000.0
CEMI,2812772000.0
CENN,1069581.0
CENT,37872000.0
CENX,41000000.0
CEPO,0.0
CEPU,50387900000.0
CEQP,177400000.0
CERBE,307363.0
CERE,33298000.0
CERN,0.0
CERS,8877000.0
CERT,21520000.0
CETX,2169469.0
CEVA,4884000.0
CF,2000000.0
CFIV,4517779.0
CFLT,0.0
CFMS,1966000.0
CFRX,81000.0
CFX,57100000.0
CG,685900000.0
CGA,62557.0
CGBD,0.0
CGEM,29660000.0
CGNX,0.0
CGRN,3758000.0
CGTX,25000.0
CHAQ,146000.0
CHCI,672000.0
CHCT,23706000.0
CHD,68700000.0
CHDN,289800000.0
CHE,1780000.0
CHEF,48675000.0
CHGG,2590000.0
CHH,78485000.0
CHKP,44000000.0
CHMI,20707000.0
CHMX,70515.0
CHNG,234244000.0
CHPT,3900000.0
CHRA,18567000.0
CHRS,10734000.0
CHRW,59817000.0
CHS,3946000.0
CHTH,44717000.0
CHTR,5229000000.0
CHUY,3331000.0
CHWY,35068000.0
CIA,0.0
CIDM,4365000.0
CIEN,97028000.0
CIFR,78000.0
CIIG,4683125.0
CIM,0.0
CINC,21641.0
CING,0.0
CINR,5800000.0
CIO,32960000.0
CIR,44886000.0
CITE,1561607.0
CIVI,182740000.0
CIX,1877000.0
CJAX,3591.0
CK0000081061,0.0
CKPT,11000.0
CKX,206949.0
CL,225000000.0
CLAR,1467000.0
CLBR,591.0
CLBS,0.0
CLBT,68483000.0
CLCT,0.0
CLDR,3994000.0
CLDT,29168000.0
CLDX,0.0
CLEV,10428.0
CLF,370000000.0
CLFD,170000.0
CLGN,0.0
CLGX,69176000.0
CLH,134964000.0
CLIR,516000.0
CLMT,175900000.0
CLNE,18174000.0
CLNN,3169000.0
CLOEU,737173.0
CLOV,7000.0
CLPR,47111000.0
CLPT,872000.0
CLR,300662000.0
CLRB,1210853.0
CLS,52100000.0
CLSD,1462000.0
CLSK,888000.0
CLSN,569881.0
CLVS,34103000.0
CLVT,283400000.0
CLW,36400000.0
CLX,90000000.0
CLXT,631000.0
CMAX,54434000.0
CMBM,2521000.0
CMC,47893000.0
CMCO,32426000.0
CMCSA,4134000000.0
CMD,41355000.0
CME,160900000.0
CMG,0.0
CMI,370000000.0
CMLF,3032000.0
CMLS,68244000.0
CMPR,119822000.0
CMPS,3789000.0
CMPX,0.0
CMRE,116277000.0
CMRX,0.0
CMS,531000000.0
CMT,193000.0
CMTG,14170000.0
CMTL,22831000.0
CNC,702000000.0
CNCE,0.0
CNDA,0.0
CNDT,75000000.0
CNGLU,2772773.0
CNHI,734000000.0
CNK,112800000.0
CNLPL,1111336000.0
CNM,142000000.0
CNMD,37297000.0
CNNE,11600000.0
CNP,838000000.0
CNR,157191000.0
CNS,19344000.0
CNSL,143591000.0
CNST,11000.0
CNTA,3926000.0
CNTB,4453000.0
CNTG,5546116.0
CNTQ,21504000.0
CNTX,3200224.0
CNTY,42658000.0
CNX,150594000.0
CNXC,321828000.0
CNXN,18725000.0
COCO,6715000.0
CODI,122802000.0
CODX,1091825.0
COGT,18088000.0
COHN,5821000.0
COHR,17601000.0
COHU,13535000.0
COIN,80645000.0
COKE,1848000.0
COLA,0.0
COLD,90319000.0
COLL,28650000.0
COLM,27703000.0
COMM,10900000.0
COMP,6400000.0
CONE,64599999.0
CONN,81707000.0
CONX,4937551.0
COO,114300000.0
COOK,33500000.0
COP,783000000.0
COR,156991000.0
CORR,10301644.0
CORT,24542000.0
CORZ,37070000.0
COR_delisted,45086000.0
COST,169000000.0
COT,81600000.0
COTY,252000000.0
COUP,122741000.0
COUR,36700000.0
COYA,0.0
CP,500892827.0
CPA,25581000.0
CPAAU,5749.0
CPAC,85718000.0
CPB,243000000.0
CPE,179305000.0
CPHC,2071511.0
CPHI,147499.0
CPIX,271064.0
CPK,36951000.0
CPLG,43000000.0
CPNG,76000000.0
CPRI,37000000.0
CPRT,16688000.0
CPRX,0.0
CPS,115639000.0
CPSI,3160000.0
CPSR,991000.0
CPSS,191257000.0
CPT,97297000.0
CPTN,2792000.0
CPUH,1133.0
CQCQ,23878.0
CQP,767000000.0
CR,46200000.0
CRAI,4417000.0
CRAWA,997757.0
CRBP,2923974.0
CRBU,216000.0
CRC,87000000.0
CRCT,10690000.0
CRD-A,16862000.0
CRDF,3259000.0
CRDO,0.0
CREG,183573.0
CREX,1775000.0
CRGE,11905000.0
CRGY,95937000.0
CRH,469000000.0
CRI,20292000.0
CRIS,1768000.0
CRK,210621000.0
CRL,117713000.0
CRM,0.0
CRMD,2647555.0
CRMT,70650000.0
CRMZ,0.0
CRNC,7200000.0
CRNT,0.0
CRNX,41435000.0
CRON,52019000.0
CROX,105780000.0
CRS,51000000.0
CRSP,0.0
CRSR,9860000.0
CRTO,0.0
CRUS,33086000.0
CRVL,0.0
CRVO,219430.0
CRVS,0.0
CRWD,169863000.0
CRWS,1173000.0
CSBR,0.0
CSCO,359000000.0
CSGP,213000000.0
CSGS,21784000.0
CSII,1634000.0
CSL,13000000.0
CSLT,0.0
CSOD,63016000.0
CSPI,2224000.0
CSPR,8376000.0
CSR,37280000.0
CSSE,76111297.0
CSTA,1276948.0
CSTE,9000.0
CSTL,12339000.0
CSTM,181304820.0
CSU,35309000.0
CSV,32075000.0
CSWI,269000.0
CSX,832000000.0
CTA-PB,233000000.0
CTAS,94998000.0
CTDD,38000000.0
CTGO,1930015.0
CTG_delisted,1522000.0
CTHR,297262.0
CTIC,13139000.0
CTKB,10360000.0
CTLP,965000.0
CTLT,254000000.0
CTMX,9837000.0
CTNT,2441443.0
CTO,10838000.0
CTOS,167105000.0
CTRA,70000000.0
CTRE,30310000.0
CTRN,2154000.0
CTS,46000.0
CTSH,65000000.0
CTSO,1399000.0
CTT,12677000.0
CTV,3420000.0
CTVA,233000000.0
CTXR,758000.0
CTXS,90561000.0
CUB,20163000.0
CUBE,90820000.0
CUE,826000.0
CUK,1662000000.0
CULP,684000.0
CURI,176000.0
CURO,185661000.0
CURV,35633000.0
CUTR,2589000.0
CUZ,122476000.0
CVA,133000000.0
CVAC,277874.0
CVCO,20572000.0
CVEO,7786000.0
CVGI,9174000.0
CVGW,1873000.0
CVI,130000000.0
CVII,40206646.0
CVKD,309251.0
CVLG,13576000.0
CVLT,6238000.0
CVM,745673.0
CVMCA,17090000.0
CVNA,651000000.0
CVRX,4397000.0
CVS,2958000000.0
CVSI,140000.0
CVT,9865000.0
CVV,540000.0
CVX,516000000.0
CW,44869000.0
CWAN,4325000.0
CWBHF,0.0
CWBR,221812.0
CWCO,674561.0
CWEN,307000000.0
CWGL,781000.0
CWH,74378000.0
CWK,229900000.0
CWT,57550000.0
CXAI,1756000.0
CXDO,149000.0
CXM,0.0
CXP,36923000.0
CXW,67415000.0
CYAN,687000.0
CYCA,376437.0
CYCC,12000.0
CYCN,208000.0
CYDY,7026000.0
CYH,860000000.0
CYN,1117546.0
CYRX,1509000.0
CYTH,0.0
CYTK,37701000.0
CZOO,51228000.0
CZR,2366000000.0
D,1002000000.0
DAC,16888000.0
DADA,114068.0
DAIO,14000.0
DAKT,3418000.0
DAL,747000000.0
DALN,0.0
DALS,0.0
DAN,145000000.0
DAR,253858000.0
DARE,0.0
DASH,199000000.0
DAVA,8612314.0
DAWN,30000.0
DBD,143000000.0
DBDR,15528000.0
DBGI,5517118.0
DBI,45291000.0
DBRG,16438000.0
DBTX,55000.0
DBVT,2726000.0
DBX,13900000.0
DC,414168.0
DCGO,1929207.0
DCI,21400000.0
DCO,15304000.0
DCP,132000.0
DCPH,16467912.0
DCT,604000.0
DCTH,125000.0
DD,396000000.0
DDD,4738000.0
DDI,3162000.0
DDOG,30434000.0
DDS,4600000.0
DE,3348000000.0
DEA,62433000.0
DECA,36909.0
DECK,64872000.0
DEI,229442000.0
DELL,1189000000.0
DEN,4025000.0
DENN,17974000.0
DERM,1943000.0
DESP,0.0
DFCO,1155454.0
DFH,871000.0
DFIN,12900000.0
DFNS,808527.0
DFPH,7496000.0
DG,274320000.0
DGII,15415000.0
DGX,201000000.0
DH,245000.0
DHHC,0.0
DHI,0.0
DHIL,0.0
DHR,161000000.0
DHRM,1769000.0
DHT,26481000.0
DHX,3200000.0
DIBS,5942000.0
DICE,679000.0
DIN,72100000.0
DINO,90000000.0
DIOD,15969000.0
DIS,1260000000.0
DISH,636163000.0
DIST,2908568.0
DIT,10413228.0
DJCO,4332000.0
DK,136700000.0
DKDCA,147000.0
DKL,42874000.0
DKNG,1957000.0
DKS,52987000.0
DLA,17771000.0
DLB,34077000.0
DLHC,17153000.0
DLR,452836000.0
DLTH,4156000.0
DLTR,107500000.0
DLX,123281000.0
DM,4099000.0
DMAC,0.0
DMLP,0.0
DMRC,0.0
DMTK,2846000.0
DMYS,2754.0
DMYY,441.0
DNAY,1362000.0
DNB,256400000.0
DNLI,0.0
DNMR,1723000.0
DNOW,0.0
DNUT,60066000.0
DO,51779000.0
DOC,81351000.0
DOCN,13610000.0
DOCS,0.0
DOCU,1550000.0
DOLE,61519000.0
DOMA,18080000.0
DOMH,716000.0
DOMO,0.0
DOOR,50822000.0
DORM,39727000.0
DOUG,2594000.0
DOV,94013000.0
DOW,611000000.0
DOX,37537000.0
DOYU,19297171.0
DPZ,178848000.0
DQ,20482000.0
DRE,84843000.0
DRH,36096000.0
DRI,138700000.0
DRIO,0.0
DRNA,5991000.0
DRQ,2430000.0
DRRX,821000.0
DRS,34000000.0
DRTS,4298000.0
DRTT,2408000.0
DRVN,156964000.0
DS,10014000.0
DSAQ,4662248.0
DSGN,11328000.0
DSKE,47600000.0
DSP,9235000.0
DSX,20063000.0
DT,48281000.0
DTC,10135000.0
DTE,815000000.0
DTEA,9000.0
DTIL,4981000.0
DTM,104000000.0
DTOC,5128585.0
DTSS,1975.0
DUK,3384000000.0
DUNE,1051.0
DUOL,42697000.0
DV,1118000.0
DVA,470469000.0
DVAX,29670000.0
DVN,0.0
DWACU,13852774.0
DWSN,149000.0
DX,313657000.0
DXC,66000000.0
DXCM,17700000.0
DXLG,2084000.0
DXPE,63927000.0
DXYN,7217000.0
DY,60994000.0
DYAI,416686.0
DYN,26922000.0
DYNS,948000.0
DYNT,418005.0
DZSI,3992000.0
EA,0.0
EACO,177000.0
EAF,79612000.0
EAI,785663000.0
EAR,647000.0
EAST,1254000.0
EAT,65000000.0
EB,16451000.0
EBAY,259000000.0
EBF,4872000.0
EBIX,54815000.0
EBS,71000000.0
ECHO,5990000.0
ECL,282500000.0
ECOM,127000.0
ECOR,572000.0
ED,945000000.0
EDHL,0.0
EDIT,16252000.0
EDNT,72784039.0
EDR,407792000.0
EDSA,155164.0
EEFT,35519000.0
EEX,39300000.0
EFC,0.0
EFTR,1947000.0
EFX,229100000.0
EG,101000000.0
EGAN,3798000.0
EGGF,16870000.0
EGHT,28856000.0
EGP,38956000.0
EGRX,3774000.0
EGY,3732000.0
EHAB,42900000.0
EHC,137400000.0
EHTH,11159000.0
EIGR,3258000.0
EIX,1169000000.0
EKSO,269000.0
EL,378000000.0
ELA,463201.0
ELAN,235000000.0
ELBM,0.0
ELDN,0.0
ELEV,1203000.0
ELF,13813000.0
ELMD,455000.0
ELOX,0.0
ELS,137710000.0
ELSE,440000.0
ELVT,38479000.0
ELYM,8132000.0
ELYS,43599.0
EMAN,963000.0
EMBC,112300000.0
EMCGU,4664.0
EME,31625000.0
EMKR,1195000.0
EML,1747723.0
EMN,200000000.0
EMR,89000000.0
ENB,3225285850.0
ENBL,178000000.0
ENDP,349776000.0
ENER,0.0
ENFN,1693000.0
ENG,219000.0
ENLC,271700000.0
ENLV,874000.0
ENO,834694000.0
ENPH,68401000.0
ENR,155700000.0
ENS,51116000.0
ENSC,1290444.0
ENSG,6849000.0
ENSV,1383000.0
ENTA,3830000.0
ENTG,207900000.0
ENTX,58000.0
ENV,18850000.0
ENVA,290442000.0
ENVI,4123000.0
ENVX,5545000.0
ENZ,3341000.0
ENZN,2452000.0
EOG,211000000.0
EOLS,15472000.0
EOSS,6859.0
EP,8600699.0
EPAC,0.0
EPAM,0.0
EPAY,4333000.0
EPC,76500000.0
EPD,1305000000.0
EPM,1117000.0
EPR,130810000.0
EPRT,75475000.0
EPSM,5254.0
EPZM,22380000.0
EQ,1381000.0
EQC,620000.0
EQH,226000000.0
EQIX,320000000.0
EQR,255406000.0
EQRX,25150000.0
EQT,454825000.0
ERAS,20093000.0
ERII,6218000.0
ERNA,6503000.0
ES,1111336000.0
ESAB,64890000.0
ESAC,0.0
ESBA,88412000.0
ESCA,2302000.0
ESE,8769000.0
ESHA,3275366.0
ESI,56300000.0
ESLT,71270000.0
ESMT,483000.0
ESOA,2672327.0
ESP,728299.0
ESPR,59251000.0
ESRT,88412000.0
ESS,235529000.0
ESTA,19352000.0
ESTC,25307000.0
ESTE,22856000.0
ET,2578000000.0
ETD,245000.0
ETM,138132000.0
ETN,130000000.0
ETNB,5290000.0
ETR,1150820000.0
ETRN,426884000.0
ETSY,17176000.0
ETWO,33663000.0
EU,741000.0
EV,79141000.0
EVA,181987000.0
EVBG,4324000.0
EVC,14014000.0
EVCM,35559000.0
EVER,2079000.0
EVFM,16000.0
EVGO,1857000.0
EVH,19178000.0
EVI,2744000.0
EVK,1415000.0
EVLO,4672000.0
EVLV,2942000.0
EVOP,14505000.0
EVR,0.0
EVRG,563100000.0
EVRI,74564000.0
EVTC,61401000.0
EW,100500000.0
EWCZ,25492000.0
EWTX,25019000.0
EXAS,27016000.0
EXC,1729000000.0
EXDW,4091.0
EXE,160000000.0
EXEL,77156000.0
EXFY,5327000.0
EXLS,19256000.0
EXOD,3315000.0
EXP,40526000.0
EXPD,46706000.0
EXPE,11000000.0
EXPI,0.0
EXPR,15198000.0
EXR,426932000.0
EXTN,41574000.0
EXTR,12430000.0
EYE,16184000.0
EYEN,1678239.0
EYES,16000.0
EYPT,1247000.0
EZOO,0.0
EZPW,3010000.0
F,1115000000.0
FA,51848000.0
FACT-UN,105681.0
FANG,135000000.0
FARM,7835000.0
FARO,3551000.0
FAST,1900000.0
FAT,138250000.0
FATE,17288000.0
FBHS,120500000.0
FBIO,12312000.0
FBRT,0.0
FBRX,1314000.0
FC,4000.0
FCEL,4030000.0
FCFS,103291000.0
FCN,3409000.0
FCPT,49231000.0
FCUV,48245.0
FCX,319000000.0
FDMT,27050000.0
FDOC,29000.0
FDP,17200000.0
FDS,51331000.0
FDUS,0.0
FDX,375000000.0
FE,1039000000.0
FEIM,104000.0
FELE,6319000.0
FENC,2387000.0
FET,31490000.0
FF,7518000.0
FFIE,16605000.0
FFIV,0.0
FG,29000000.0
FGEN,8247000.0
FGF,0.0
FGI,1236950.0
FGMCU,2397304.0
FGNV,0.0
FGP,98223000.0
FHI,12665000.0
FHTX,11900000.0
FI,1195000000.0
FIAC,0.0
FICO,105638000.0
FIG,0.0
FIGS,11242000.0
FIP,99603000.0
FIS,281000000.0
FIVE,1736000.0
FIVN,31933000.0
FIX,4906000.0
FIXX,3230000.0
FIZZ,0.0
FKWL,820498.0
FL,8000000.0
FLDM,16883000.0
FLEX,157000000.0
FLFV,3664204.0
FLGT,31474000.0
FLIR,26632000.0
FLL,43201000.0
FLLC,0.0
FLME,67314000.0
FLNC,5676000.0
FLNG,101121000.0
FLNT,2184000.0
FLO,8001000.0
FLOC,32345000.0
FLOW,16000000.0
FLR,150000000.0
FLS,63930000.0
FLT,383043000.0
FLUT,419000000.0
FLWS,10623000.0
FLXN,19151000.0
FLXS,1530000.0
FLYW,20902000.0
FMC,235800000.0
FN,33080000.0
FNA,11531000.0
FNCH,1570000.0
FND,2773000.0
FNF,115000000.0
FNKO,20575000.0
FNMA,0.0
FNVT,1406607.0
FOA,112611000.0
FOCS,99096000.0
FOE,27328000.0
FOLD,44191000.0
FOR,19800000.0
FORA,315570.0
FORD,16201.0
FORG,3577000.0
FORM,13693000.0
FORR,3011000.0
FOSL,18990000.0
FOUR,28000000.0
FOX,216000000.0
FOXF,54942000.0
FPAC,0.0
FPAY,18913773.0
FPH,10858000.0
FPI,18854000.0
FPRX,0.0
FR,82973000.0
FRD,2218000.0
FREQ,367000.0
FREY,1780000.0
FRGI,336000.0
FRHC,76947000.0
FRLA,0.0
FRO,43851000.0
FROG,0.0
FRPH,3045000.0
FRPT,12262000.0
FRSGU,0.0
FRSX,909000.0
FRT,171182000.0
FRTA,74976000.0
FRZA,2293.0
FSI,413811.0
FSII,3183000.0
FSLR,50220000.0
FSLY,12124000.0
FSNB,0.0
FSP,24334000.0
FSR,6000000.0
FSRX,4254086.0
FSS,12500000.0
FSTR,4992000.0
FSTX,844000.0
FTAI,221721000.0
FTCH,110188000.0
FTCI,319000.0
FTCO,0.0
FTDR,40000000.0
FTEK,1251000.0
FTI,63500000.0
FTII,1676585.0
FTK,1095000.0
FTLF,1298000.0
FTNT,135200000.0
FTPAU,19865.0
FTRE,123800000.0
FTV,152800000.0
FUBO,13695000.0
FUL,128442000.0
FULC,0.0
FUN,141770000.0
FURY,194874.0
FUSN,4360000.0
FUST,6051.0
FUV,1083365.0
FVAM,10549.0
FVE,1325000.0
FVRR,27706000.0
FWAC,13830000.0
FWAV,346162.0
FWRD,31571000.0
FWRG,12640000.0
FXLV,14983000.0
FYBR,804000000.0
G,47214000.0
GAIA,257000.0
GAIN,0.0
GALT,5202000.0
GAMB,1525000.0
GAMCU,1504000.0
GAME,570960.0
GAN,0.0
GANX,494234.0
GATEU,3305765.0
GATO,653000.0
GATX,341000000.0
GBDC,0.0
GBIO,0.0
GBL,2369000.0
GBT,14747000.0
GBX,100800000.0
GCI,135748000.0
GCMG,24160000.0
GCO,0.0
GCT,228000.0
GD,324000000.0
GDDY,158300000.0
GDEN,34884000.0
GDEV,3843000.0
GDNSF,31188845.0
GDOT,5506000.0
GDP,6896000.0
GDRX,29649000.0
GDS,255256629.0
GDYN,0.0
GE,986000000.0
GEF,134900000.0
GEG,3505000.0
GEHC,504000000.0
GEL,261875000.0
GEN,578000000.0
GENC,3435000.0
GENI,921000.0
GENK,829000.0
GEO,181837000.0
GEOS,1371000.0
GERN,1103000.0
GES,18029000.0
GETR,481000.0
GETY,131408000.0
GEVI,4328.0
GEVO,11861000.0
GFF,101652000.0
GFL,445557764.0
GFOR,24330000.0
GFX,4759356.0
GGAA,0.0
GGG,2828000.0
GGP,0.0
GGR,10952000.0
GGROU,0.0
GH,51110000.0
GHC,176281000.0
GHIX,0.0
GHL,15469000.0
GHM,583000.0
GHRS,8255000.0
GIA,219686.0
GIDYL,1547000.0
GIFI,2411000.0
GIG,14200000.0
GIII,18842000.0
GILD,977000000.0
GIS,479200000.0
GKOS,1065000.0
GLBE,11465000.0
GLDD,17880000.0
GLG,19497835.0
GLGI,1291054.0
GLOG-PA,164555000.0
GLP,134773000.0
GLPI,320908000.0
GLRE,10918000.0
GLSI,436063.0
GLT,29000000.0
GLTA,8571045.0
GLTO,844000.0
GLUE,10566000.0
GLUU,0.0
GLW,282000000.0
GLXZ,8285270.0
GLYC,935275.0
GM,846000000.0
GMDA,10042000.0
GME,163400000.0
GMED,4189000.0
GMFI,0.0
GMHI,5398000.0
GMII,34213000.0
GMRE,28689000.0
GMS,89080000.0
GMTX,20720000.0
GNE,6608000.0
GNK,10319000.0
GNL,255685000.0
GNPX,63574.0
GNRC,89713000.0
GNSS,0.0
GNTX,0.0
GO,22156000.0
GOCO,72868000.0
GOED,3422000.0
GOEV,5537000.0
GOGO,30095000.0
GOLF,52637000.0
GOOD,26887000.0
GOOG,0.0
GORO,0.0
GOSS,9738000.0
GOVX,7439.0
GPC,96827000.0
GPCR,0.0
GPI,249800000.0
GPK,230000000.0
GPN,444184000.0
GPOR,59982000.0
GPP,7392000.0
GPRE,25535000.0
GPRO,3329000.0
GPS,25000000.0
GPX,3445000.0
GRA,76000000.0
GRAY,1014000.0
GRBK,0.0
GRC,33621000.0
GRIL,4649000.0
GRMM,554686.0
GRMN,113520000.0
GRNT,18470000.0
GROV,12777000.0
GROW,0.0
GRPH,8553000.0
GRPN,0.0
GRTS,1163000.0
GRTX,554000.0
GRUB,27988000.0
GRVI,4761903.0
GRWG,2633000.0
GSAT,13562000.0
GSBD,0.0
GSD,1253494.0
GSHD,7339000.0
GSIT,445000.0
GSKY,25683000.0
GSL,35047000.0
GSRMU,0.0
GT,522000000.0
GTBIF,15192000.0
GTE,146077000.0
GTES,155800000.0
GTHX,7565000.0
GTII,106269.0
GTIM,66000.0
GTLB,47735000.0
GTLS,328500000.0
GTS,7986000.0
GTX,156000000.0
GTY,39272000.0
GUER,2904454.0
GURE,11643.0
GVA,4839000.0
GWPH,693000.0
GWRE,36740000.0
GWRS,5182000.0
GWSO,31461.0
GWW,77000000.0
GXII,4322641.0
GXO,103000000.0
H,180000000.0
HA,59404428.0
HAE,16834000.0
HAIN,57213000.0
HAL,353000000.0
HALO,18095000.0
HARP,776000.0
HAS,123900000.0
HASI,242364000.0
HAYN,7538000.0
HAYW,62163000.0
HBB,613000.0
HBI,195901000.0
HBIO,3209000.0
HCA,2061000000.0
HCAT,11572000.0
HCC,28776000.0
HCCI,3232000.0
HCDI,249300.0
HCKT,1594000.0
HCMC,126000.0
HCNE,0.0
HCP,65159000.0
HCSG,6438000.0
HCTI,968000.0
HCVI,2573000.0
HD,2321000000.0
HDSN,476000.0
HE,94363000.0
HEAR,8068000.0
HEES,72954000.0
HEI,149313000.0
HELE,51922000.0
HEP,8846000.0
HEPA,10164.0
HES,412000000.0
HESM,202200000.0
HFC,121156000.0
HFFG,11425000.0
HGBL,93000.0
HGEN,2918000.0
HGV,142000000.0
HHC,129929000.0
HHS,187000.0
HIBB,5372000.0
HII,95000000.0
HIL,5427000.0
HIMS,0.0
HIMX,5893000.0
HIW,80962000.0
HKIT,607291.0
HL,49834000.0
HLBZ,7141000.0
HLF,206000000.0
HLGN,995000.0
HLI,0.0
HLIO,33800000.0
HLIT,6465000.0
HLLY,50690000.0
HLNE,5253000.0
HLP,466386.0
HLT,569000000.0
HLTH,5081000.0
HLVX,461000.0
HLX,22629000.0
HMC,893505636.0
HMHC,34921000.0
HMPT,69579000.0
HMTV,11983000.0
HNGE,0.0
HNGR,28864000.0
HNI,8800000.0
HNNA,837000.0
HNRA,7584407.0
HNRG,13711000.0
HNST,0.0
HOFT,519000.0
HOFV,27284545.0
HOG,402514000.0
HOLX,13400000.0
HOME,28493000.0
HON,765000000.0
HOOD,0.0
HOOK,3699000.0
HOUR,249587.0
HOUS,153000000.0
HOV,47343000.0
HOWL,2017000.0
HP,12075000.0
HPE,612000000.0
HPK,160027000.0
HPLTU,0.0
HPP,174926000.0
HPQ,0.0
HQI,367000.0
HQY,60634000.0
HR,53124000.0
HRB,79080000.0
HRC,65599999.0
HRI,260000000.0
HRL,40722000.0
HRMY,1046000.0
HROW,22786000.0
HRT,64722000.0
HRTX,2482000.0
HSAI,12739383.0
HSAQ,3849000.0
HSC,72978000.0
HSDT,17000.0
HSIC,70000000.0
HSII,14422000.0
HSKA,1536000.0
HSON,372000.0
HST,161000000.0
HSTM,3834000.0
HSY,165655000.0
HT,46907000.0
HTA,242685000.0
HTCR,92344.0
HTGC,59605000.0
HTGM,762376.0
HTHT,15024498.0
HTIBP,69447000.0
HTLD,16439000.0
HTZ,959000000.0
HUBB,49600000.0
HUBG,7578000.0
HUBS,78985000.0
HUDA,0.0
HUIZ,141.0
HUMA,5173000.0
HURC,43000.0
HURN,25347000.0
HUSA,101742.0
HUYA,0.0
HVT,6082000.0
HWEL,0.0
HWGC,0.0
HWKN,5432000.0
HWKZ,3313492.0
HWM,182000000.0
HWNI,1163178.0
HXL,31200000.0
HY,33800000.0
HYAC,11001000.0
HYBT,1155.0
HYFM,15237000.0
HYLN,5724000.0
HYMC,15550000.0
HYRE,12139.0
HYSR,117498.0
HYZN,5235000.0
HZNP,83707000.0
HZO,73895000.0
IAA,51000000.0
IAC,135719000.0
IART,50592000.0
IAS,5358000.0
IAUX,32951000.0
IBM,1712000000.0
IBP,36900000.0
IBRX,146352000.0
IBTA,9414000.0
ICCC,0.0
ICD,35955000.0
ICE,769000000.0
ICFI,29590000.0
ICG,16235000.0
ICHR,9266000.0
ICLR,228628000.0
ICPT,21385000.0
ICR-PA,0.0
ICTSF,0.0
ICUI,95753000.0
ICVX,3300000.0
IDA,135865000.0
IDCC,45421000.0
IDEX,3991000.0
IDRA,204000.0
IDT,4769000.0
IDXG,659000.0
IDXX,18506000.0
IDYA,0.0
IE,2585000.0
IEA,44698000.0
IEHC,425291.0
IEP,579000000.0
IESC,2970000.0
IEX,44500000.0
IFF,305000000.0
IFIN,5175207.0
IGAC,19471.0
IGC,0.0
IGMS,12785000.0
IGNY,2728058.0
IGT,341000000.0
IGTA,299318.0
IGXT,1584000.0
IH,13807792.0
IHRT,379434000.0
IHS,2411302000.0
IHT,460895.0
III,5055000.0
IIIN,5344000.0
IIIV,29263000.0
IIN,21000.0
IIPR,6684000.0
IIVI,288475000.0
IKNA,374000.0
IKNX,19794000.0
IKT,1069182.0
ILMN,54000000.0
ILPT,292536000.0
IMAB,7486000.0
IMAX,4449000.0
IMBI,11528000.0
IMCR,6774000.0
IMGN,47000.0
IMGO,314000.0
IMH,3819000.0
IMKTA,24332143.0
IMMX,1017354.0
IMMY,2236000.0
IMNM,12837000.0
IMO,0.0
IMPL,13835000.0
IMRA,14891000.0
IMRX,2593300.0
IMUX,3390000.0
IMVT,24732000.0
IMXI,11745000.0
INAB,230000.0
INAQ,112054.0
INBX,19923000.0
INCY,126430000.0
INDI,4670000.0
INDP,0.0
INDT,7281000.0
INDV,18000000.0
INFA,89627000.0
INFI,0.0
INFN,28919000.0
INFO,219900000.0
INFU,1777000.0
INFY,27000000.0
INGN,5190000.0
INGR,0.0
INKT,172568.0
INMB,0.0
INMD,30938000.0
INN,36513000.0
INNV,4023000.0
INO,4589160.0
INOD,149000.0
INOV,55698000.0
INSE,38600000.0
INSG,6874000.0
INSM,84913000.0
INSP,23225000.0
INST,36286000.0
INSW,49703000.0
INT,102200000.0
INTA,24608000.0
INTC,0.0
INTEQ,813603000.0
INTG,10138000000.0
INTT,846000.0
INTU,242000000.0
INTV,83046.0
INUV,253505.0
INV,2432000.0
INVA,3068000.0
INVE,143000.0
INVH,366070000.0
INVU,2669074.0
INVZ,655000.0
INZY,1933000.0
IO,13805000.0
IOBT,5881000.0
IONM,2020000.0
IONQ,18249000.0
IONS,16994000.0
IOR,6299000.0
IOSP,9300000.0
IOVA,451000.0
IP,214000000.0
IPAR,5607000.0
IPDN,0.0
IPG,78200000.0
IPGP,45467000.0
IPHI,35221000.0
IPI,1600000.0
IPSC,13007000.0
IPVI,115544.0
IPWR,653362.0
IPXX,5755.0
IQ,85264724.0
IQV,623000000.0
IR,213200000.0
IRBT,0.0
IRDM,91134000.0
IREN,5578000.0
IRIX,0.0
IRM,721559000.0
IRMD,0.0
IRRX,422128.0
IRT,76141000.0
IRTC,9117000.0
IRWD,28566000.0
ISDR,1116000.0
ISEE,2264000.0
ISO,5342000.0
ISPC,175941.0
ISR,28000.0
ISRG,0.0
ISSC,61051.0
ISSM,11428000.0
IT,69488000.0
ITCI,42518000.0
ITGR,56374000.0
ITHUF,17173000.0
ITI,221000.0
ITOS,30872000.0
ITRI,19198000.0
ITT,30000000.0
ITW,283000000.0
IVA,93098484.0
IVAC,2812000.0
IVC,28464000.0
IVCP,0.0
IVDN,36272.0
IVFH,849581.0
IVR,249719000.0
IVT,37100000.0
IVVD,0.0
IVZ,900000.0
IXAQ,68.0
IZEA,63012.0
J,134604000.0
JACK,80016000.0
JAGX,6382000.0
JAKK,254000.0
JAMF,10741000.0
JAN,879000.0
JANL,2984000.0
JANX,29853000.0
JAQC,2096746.0
JATT-UN,2186000.0
JAZZ,238097000.0
JBGS,62321000.0
JBHT,71709000.0
JBI,42039000.0
JBL,173000000.0
JBLU,254000000.0
JBSS,2549000.0
JBT,7400000.0
JCI,342000000.0
JCOM,13988000.0
JCS,28514.0
JD,162999130.0
JEF,0.0
JELD,67237000.0
JETMF,89.0
JFIN,41757.0
JHG,18000000.0
JILL,13151000.0
JJSF,1826000.0
JKHY,8628000.0
JLL,136900000.0
JMACU,0.0
JNCE,0.0
JNJ,577000000.0
JNPR,0.0
JOB,400000.0
JOBY,0.0
JOE,33584000.0
JOUT,4692000.0
JRSH,1719760.0
JSDA,11000.0
JUSHF,37425000.0
JVA,205960.0
JW-A,52547000.0
JWN,102000000.0
JXN,37000000.0
K,311000000.0
KA,12000.0
KAI,18113000.0
KALA,3727000.0
KALU,43700000.0
KALV,650000.0
KAMN,39997000.0
KANP,0.0
KAR,155800000.0
KBAL,0.0
KBH,1049000.0
KD,94000000.0
KDMN,1170000.0
KDNY,0.0
KDP,735000000.0
KE,2063000.0
KEX,49129000.0
KEYR,5139683.0
KEYS,3000000.0
KFRC,0.0
KFS,6161000.0
KFY,20363000.0
KGC,75400000.0
KHC,912000000.0
KIDS,2621000.0
KIM,250201000.0
KIN,1828000.0
KIND,24381000.0
KIRK,3317000.0
KITT,5108227.0
KKR,423476000.0
KLAC,311253000.0
KLC,163170000.0
KLDI,66743000.0
KLIC,34141000.0
KLTR,20106000.0
KLXE,29400000.0
KMB,222000000.0
KMI,1844000000.0
KMPH,7351000.0
KMT,26472000.0
KMX,107941000.0
KN,16300000.0
KNDI,8657217.0
KNF,55242000.0
KNIT,0.0
KNOP,29074000.0
KNSA,0.0
KNTE,0.0
KNWN,1358075.0
KNX,154602000.0
KO,668000000.0
KOD,11148000.0
KOP,76200000.0
KOPN,817180.0
KORE,51396000.0
KOS,88598000.0
KPLT,17688000.0
KPTI,30022000.0
KR,450000000.0
KRA,41840000.0
KRBP,3723000.0
KRC,107535000.0
KREF,141876000.0
KRG,125691000.0
KRMD,444642.0
KRNL,1420653.0
KRO,37400000.0
KRON,3890000.0
KROS,1000.0
KRP,26695000.0
KRT,464000.0
KRTX,61179000.0
KRUS,2868000.0
KRYS,1492000.0
KSICU,13369.0
KSPN,3577000.0
KSS,319000000.0
KSU,156600000.0
KT,63075730.0
KTB,29675000.0
KTOS,3000000.0
KULR,199242.0
KURA,1619000.0
KURI,0.0
KVACU,2043991.0
KVHI,3037000.0
KVSA,0.0
KVSC,0.0
KVUE,378000000.0
KW,261100000.0
KWIK,229244.0
KWR,41002000.0
KYMR,37777000.0
KZR,8462000.0
LAC,51787000.0
LAD,521200000.0
LAKE,1650000.0
LAMR,169394000.0
LANC,0.0
LAND,21885000.0
LANV,32271558.0
LASR,1668000.0
LAUR,10044000.0
LAWS,55145000.0
LAZ,0.0
LAZY,46914000.0
LBPH,2405000.0
LBRDA,145000000.0
LBRT,32214000.0
LBRX,1721000.0
LBUY,168440.0
LCAHU,7704725.0
LCI,57979000.0
LCID,180103000.0
LCII,28899000.0
LCTX,1715000.0
LCUT,22208000.0
LCW,8809032.0
LDI,188550000.0
LDOS,199000000.0
LE,40439000.0
LEA,106200000.0
LEAF,343000.0
LEAT,275413.0
LECO,42786000.0
LEDS,247000.0
LEE,41471000.0
LEG,79300000.0
LEGH,1946000.0
LEN,0.0
LESL,70395000.0
LEU,2700000.0
LEVI,41800000.0
LFACU,3856720.0
LFG,4797000.0
LFMDP,2596586.0
LFST,26535000.0
LFT-PA,0.0
LFUS,38717000.0
LFVN,430000.0
LGF-B,145200000.0
LGIH,0.0
LGIQ,0.0
LGL,1000.0
LGND,5018000.0
LGVN,4000.0
LGYV,13363.0
LH,208300000.0
LHAI,3115.0
LHCG,31311000.0
LHX,675000000.0
LIAN,4321000.0
LICN,38000.0
LIDR,366000.0
LIFE,0.0
LIFX,6009000.0
LII,38700000.0
LILA,533400000.0
LIN,256000000.0
LINC,466000.0
LIND,45738000.0
LINK,0.0
LIPO,64278.0
LITE,33800000.0
LITT,4773.0
LIVE,16847000.0
LIVN,63070000.0
LIVX,2712000.0
LIXT,9773.0
LJPC,10451000.0
LKCRU,1699095.0
LKQ,238000000.0
LL,0.0
LLAP,48502000.0
LLNW,5584000.0
LLPP,599000.0
LLY,0.0
LMAO,143000.0
LMAT,205000.0
LMB,358000.0
LMNR,843000.0
LMNX,11912000.0
LMT,1036000000.0
LNDC,18090000.0
LNG,821000000.0
LNN,1955000.0
LNSR,1340000.0
LNT,449000000.0
LNTH,19669000.0
LOAN,2337032.0
LOCC,7728.0
LOCL,16734000.0
LOCO,5899000.0
LODE,2669260.0
LOGI,54997000.0
LOPE,2000.0
LORL,198564000.0
LOVE,179000.0
LOW,1313000000.0
LPCN,1146902.0
LPG,20593302.0
LPLA,274181000.0
LPRO,773000.0
LPSN,8626000.0
LPTH,191862.0
LPTV,3802346.0
LPTX,3129000.0
LPX,14000000.0
LQDA,6997000.0
LQDT,0.0
LQMT,870000.0
LRCX,0.0
LRDC,510765.0
LRMR,0.0
LRN,8812000.0
LSCC,3948000.0
LSEA,0.0
LSI,109208000.0
LSTR,5419000.0
LSXMA,208000000.0
LTBR,1272431.0
LTC,40336000.0
LTCH,443000.0
LTH,148095000.0
LTHM,300000.0
LTRN,742355.0
LTRPA,60000000.0
LTRX,916000.0
LTUM,0.0
LUCD,0.0
LUCY,0.0
LULU,0.0
LUMN,1372000000.0
LUMO,1868000.0
LUNA,898000.0
LUNG,1554000.0
LUNR,823000.0
LUV,248000000.0
LVLT,312000000.0
LVLU,12774000.0
LVOX,3446000.0
LVS,452000000.0
LVVR,5252000.0
LVWR,5704000.0
LW,135800000.0
LWAY,267000.0
LWLG,13826.0
LXP,66477000.0
LXRX,3286000.0
LXU,34452000.0
LYB,331000000.0
LYEL,24068000.0
LYFT,28921000.0
LYRA,2952000.0
LYTS,2156000.0
LYV,169720000.0
LZ,7404000.0
LZB,14332000.0
M,115000000.0
MA,646000000.0
MAA,167562000.0
MAC,0.0
MACK,868000.0
MACQ,2465000.0
MAIN,49587000.0
MAN,49200000.0
MANH,6029000.0
MANT,2261000.0
MAPS,0.0
MAR,655000000.0
MARA,10350000.0
MARK,4294000.0
MARX,0.0
MAS,99000000.0
MASI,0.0
MASS,4494000.0
MAT,67296000.0
MATW,50534000.0
MATX,40800000.0
MAX,14351000.0
MAXR,158000000.0
MBC,74000000.0
MBII,1570000.0
MBIO,179000.0
MBOT,44000.0
MBRX,550000.0
MBUU,1842000.0
MC,0.0
MCAA,7111024.0
MCAC,1431354.0
MCAD,1491000.0
MCD,1506000000.0
MCF,5022000.0
MCFT,2497000.0
MCHP,250000000.0
MCHX,0.0
MCK,265000000.0
MCLE,5191.0
MCMJ,2515000.0
MCO,237000000.0
MCRB,3967000.0
MCRI,104000.0
MCW,79488000.0
MCY,30824000.0
MD,40743000.0
MDB,87595000.0
MDC,55021000.0
MDGL,31983000.0
MDH,29717.0
MDIA,11137000.0
MDLZ,180000000.0
MDP,178600000.0
MDRRP,3555088.0
MDRX,13166000.0
MDT,729000000.0
MDU,96519000.0
MDVL,1170000.0
MDWD,436000.0
MDXG,1006000.0
MDXH,12965000.0
ME,6597000.0
MEC,10989000.0
MED,4804000.0
MEDP,24996000.0
MEDS,315217.0
MEG,5239000.0
MEI,22000000.0
MEIP,3277000.0
MELI,17000000.0
MERC,109150000.0
MESA,38387000.0
META,0.0
METC,6123000.0
MFAC,96000.0
MFIN,0.0
MFON,737745.0
MG,17067000.0
MGEE,32930000.0
MGLN,26811000.0
MGM,443230000.0
MGNI,27032000.0
MGNX,8306000.0
MGP,265349000.0
MGPI,8439000.0
MGRC,12230000.0
MGRM,526000.0
MGTA,17365000.0
MGTX,9127000.0
MGY,14371000.0
MHH,606000.0
MHK,48500000.0
MHLD,0.0
MHO,27514000.0
MHUA,492298.0
MIC,86000000.0
MICT,7462000.0
MIDD,88977000.0
MIK,152442000.0
MIND,0.0
MIR,51300000.0
MIRA,3456294.0
MIRM,519000.0
MIST,583000.0
MIT,29521.0
MITA,0.0
MITK,9259000.0
MITT,342603000.0
MIXT,287000.0
MKC,209400000.0
MKFG,2867000.0
MKSI,263000000.0
MKTW,5288000.0
MKTX,1304000.0
ML,24246000.0
MLAB,11859000.0
MLI,810000.0
MLKN,70100000.0
MLM,169000000.0
MLNK,33500000.0
MLP,6000.0
MLR,3928000.0
MLSS,125527.0
MLTX,27691.0
MLYS,14588000.0
MMAC,0.0
MMI,812000.0
MMM,0.0
MMMB,259000.0
MMP,226800000.0
MMS,82440000.0
MMSI,13055000.0
MN,378000.0
MNDT,53914000.0
MNDY,55500000.0
MNKD,9194000.0
MNMD,9275000.0
MNOV,1670804.0
MNPR,404020.0
MNRL,1701000.0
MNRO,18924000.0
MNST,0.0
MNTK,5277000.0
MNTV,11476000.0
MO,989000000.0
MOD,24100000.0
MODG,63000000.0
MODN,2489000.0
MODV,94053000.0
MOG-A,62112000.0
MOGO,7950000.0
MOH,118000000.0
MOLN,1298834.0
MOMO,42403516.0
MOND,26017000.0
MORF,26969000.0
MORN,37700000.0
MOS,182800000.0
MOV,497000.0
MP,23010000.0
MPAA,55550000.0
MPC,839000000.0
MPLN,323241000.0
MPLX,921000000.0
MPTI,243000.0
MPW,417824000.0
MPWR,0.0
MPX,2876000.0
MQ,0.0
MRAI,2709000.0
MRAM,1766000.0
MRC,23000000.0
MRCY,33816000.0
MRDB,4184000.0
MREO,1671000.0
MRIN,0.0
MRK,0.0
MRKR,5700.0
MRMD,6830000.0
MRNA,425000000.0
MRNS,8782000.0
MRO,352000000.0
MRSN,4562000.0
MRTN,0.0
MRTX,0.0
MRUS,30789000.0
MRVI,20297000.0
MSA,36889000.0
MSB,0.0
MSCI,164223000.0
MSEX,14023000.0
MSFT,0.0
MSGE,54181000.0
MSGM,120757.0
MSGN,32090000.0
MSGS,24802000.0
MSI,227000000.0
MSM,25358000.0
MSTR,48960000.0
MTAC,2686000.0
MTAL,3753097.0
MTBC,812000.0
MTC,30478.0
MTCH,160071000.0
MTD,74631000.0
MTDR,171687000.0
MTEM,3369000.0
MTEX,88000.0
MTH,41000.0
MTMT,0.0
MTN,164599000.0
MTNB,0.0
MTOR,79000000.0
MTRN,34764000.0
MTRX,209000.0
MTSI,17850000.0
MTSR,5962000.0
MTTR,11608000.0
MTW,38300000.0
MTX,56400000.0
MTZ,193266000.0
MU,33000000.0
MUDS,72866.0
MUR,0.0
MURA,0.0
MURF,196000.0
MUSA,97100000.0
MUX,4595000.0
MVIS,4457000.0
MVST,8969000.0
MWA,12700000.0
MX,6719000.0
MXC,66479.0
MXCT,10142000.0
MXIM,0.0
MXL,4488000.0
MYE,30937000.0
MYGN,0.0
MYO,388586.0
MYPS,4902000.0
MYRG,6110000.0
NAAS,4658842.0
NABL,30031000.0
NAMS,16881000.0
NANO,33489000.0
NANX,382000.0
NAPA,18103000.0
NARI,15417000.0
NAT,30008000.0
NATH,3434000.0
NATI,0.0
NATR,146000.0
NAUT,10780000.0
NAV,268000000.0
NBIX,25800000.0
NBR,210864000.0
NBSE,104017.0
NBST,2660764.0
NBY,0.0
NC,1138000.0
NCLH,747223000.0
NCMI,700000.0
NCNO,7002000.0
NCR,134000000.0
NCSM,414000.0
NDAQ,386000000.0
NDLS,8381000.0
NDSN,84011000.0
NE,31735000.0
NEE,2235000000.0
NEM,375000000.0
NEN,10991768.0
NEO,11810000.0
NEOG,67032000.0
NEON,0.0
NEP,145000000.0
NEPH,95000.0
NERV,0.0
NES,4070000.0
NESR,39881000.0
NET,82230000.0
NETDU,16113015.0
NEU,57366000.0
NEWR,9378000.0
NEX,28382000.0
NEXI,698395.0
NEXT,87539000.0
NFE,154324000.0
NFG,130357000.0
NFLX,718733000.0
NFTG,157557.0
NGD,24000000.0
NGHC,33772000.0
NGL,280078000.0
NGLD,393334.0
NGM,9322000.0
NGS,65000.0
NGVC,4176000.0
NGVT,90100000.0
NHHS,50819000.0
NHI,59903000.0
NHIC,2586000.0
NHIQ,14119000.0
NHTC,0.0
NI,517200000.0
NICK,1376000.0
NINE,50472000.0
NIO,7702142.0
NIQ,410600000.0
NJR,130275000.0
NKE,161000000.0
NKLA,17712000.0
NKTR,14500000.0
NKTX,19317000.0
NL,461000.0
NLCP,94000.0
NLS,3786000.0
NLSN,285000000.0
NLST,1048000.0
NLTX,2939000.0
NLY,1469152000.0
NMFC,0.0
NMM,110726000.0
NMRD,6412501.0
NMRK,31768000.0
NMTC,0.0
NN,9401000.0
NNBR,22095000.0
NNDM,41905000.0
NNN,181037000.0
NNOX,2870000.0
NNVC,221965.0
NOA,13928153.0
NOC,621000000.0
NOK,296588667.0
NOTE,23589000.0
NOTV,46884000.0
NOV,68000000.0
NOVA,22652000.0
NOVNQ,1399000.0
NOVT,31489000.0
NOW,419000000.0
NP,17900000.0
NPCE,5774000.0
NPO,34500000.0
NPTN,560000.0
NPWR,31389000.0
NR,2621000.0
NRC,2470000.0
NRDS,4100000.0
NRDY,3104000.0
NREF,17666000.0
NRG,667000000.0
NRIX,0.0
NRP,15554000.0
NS,241364000.0
NSA,154260000.0
NSC,807000000.0
NSIT,58036000.0
NSP,9000000.0
NSPR,0.0
NSTB,0.0
NSTC,2395997.0
NSTD,2405502.0
NSTG,5126000.0
NSYS,744000.0
NTAP,0.0
NTCT,3576000.0
NTES,684576663.0
NTGR,0.0
NTIC,221302.0
NTIP,1897000.0
NTLA,47807000.0
NTNX,0.0
NTST,30324000.0
NTUS,0.0
NUAN,77186000.0
NUBI,5683.0
NUE,30000000.0
NURO,257105.0
NUS,26409000.0
NUTX,19932000.0
NUVA_delisted,14664000.0
NUVB,26721000.0
NUVL,0.0
NUZE,6324.0
NVAX,20075000.0
NVCT,847000.0
NVDA,1539000000.0
NVEC,1909218.0
NVEE,12970000.0
NVGS,49897000.0
NVIV,160000.0
NVNO,389000.0
NVR,8691000.0
NVRO,13583000.0
NVST,46400000.0
NVT,106000000.0
NVTA,56747000.0
NVTS,150000.0
NWBO,8602000.0
NWE,100110000.0
NWL,295000000.0
NWN,44486000.0
NWPX,5660000.0
NWS,49000000.0
NX,20593000.0
NXPI,0.0
NXRT,58477000.0
NXST,444000000.0
NXTC,0.0
NXTD,160664.0
NXU,5414000.0
NYMT,0.0
NYMX,33000.0
NYT,0.0
O,323644000.0
OABI,3106000.0
OAK,99773000.0
OAKU,2946407.0
OAS,56523000.0
OB,3649000.0
OC,208000000.0
OCC,1152554.0
OCGN,563000.0
OCUL,6705000.0
OCUP,9000.0
OCX,84000.0
ODFL,16799000.0
ODP,14000000.0
ODT,0.0
OEG,37813000.0
OESX,305000.0
OFC,71142000.0
OFIX,29631000.0
OFLX,1700000.0
OGE,158500000.0
OGN,520000000.0
OGS,60301000.0
OHI,221716000.0
OI,335000000.0
OII,25793000.0
OIS,7731000.0
OKTA,5000000.0
OLED,40682000.0
OLLI,2965000.0
OLMA,12682000.0
OLN,180800000.0
OLO,19167000.0
OLP,0.0
OLPX,34206000.0
OM,23871000.0
OMC,147000000.0
OMCL,0.0
OMER,13390000.0
OMEX,4627327.0
OMGA,2810000.0
OMI,143804000.0
OMIC,7981000.0
OMP,12783000.0
ON,49100000.0
ONCT,2235000.0
ONCYF,875111.0
ONEM,2015000.0
ONEW,71137000.0
ONL,32637000.0
ONTF,34000.0
ONTX,0.0
ONVO,130000.0
OOMA,0.0
OPAD,18684000.0
OPCH,49029000.0
OPEN,133000000.0
OPFI,44708000.0
OPGN,7555.0
OPI,160077000.0
OPK,39039000.0
OPNT,437653.0
OPRT,238158000.0
OPRX,5831000.0
OPTN,17309000.0
OPTT,47000.0
ORA,126148000.0
ORBC,18718000.0
ORC,5296000.0
ORCL,3514000000.0
ORGN,371000.0
ORGO,1544000.0
ORIC,141000.0
ORLY,215253000.0
ORN,13381000.0
ORTX,1536000.0
OSA,5382000.0
OSG,31216000.0
OSH,2500000.0
OSIS,27847000.0
OSK,10900000.0
OSPN,1807000.0
OSS,403629.0
OSTK,838000.0
OSUR,0.0
OSW,8881000.0
OTECU,556923.0
OTEL,4025000.0
OTEX,516180000.0
OTIS,31000000.0
OTLK,2250814.0
OTLY,12421000.0
OTRK,1784000.0
OTTR,41815000.0
OUST,7023000.0
OUT,156200000.0
OVID,0.0
OVV,355000000.0
OWL,55711000.0
OXM,3049000.0
OXUS,4010.0
OXY,945000000.0
PAA,430000000.0
PAAS,22463000.0
PACB,13412000.0
PACI,866000.0
PACK,28600000.0
PAG,122800000.0
PAGP,382000000.0
PAHC,18536000.0
PALT,569016.0
PANL,14050000.0
PANW,8300000.0
PAR,10167000.0
PARA,971000000.0
PARR,82793000.0
PASG,343000.0
PATH,49422000.0
PATK,79470000.0
PAVM,209000.0
PAY,8742000.0
PAYA,14311000.0
PAYC,3400000.0
PAYS,3116689.0
PAYX,37300000.0
PBAJ,282.0
PBAXU,138340.0
PBF,246000000.0
PBH,47632000.0
PBI,110094000.0
PBPB,829000.0
PBSV,0.0
PBYI,7728000.0
PCAR,698900000.0
PCCT,6321665.0
PCG,1755000000.0
PCH,28923000.0
PCOK,71892000.0
PCOR,21795000.0
PCRX,3120000.0
PCSA,201088.0
PCT,51656000.0
PCTI,0.0
PCTY,0.0
PCVX,109994000.0
PCYG,1244553.0
PCYO,1879000.0
PD,18234000.0
PDCE,64734000.0
PDCO,44910000.0
PDEX,414000.0
PDFS,2562000.0
PDM,122984000.0
PDSB,2158358.0
PEAK,200331000.0
PEB,112432000.0
PED,351000.0
PEG,882000000.0
PEGA,18944000.0
PEN,11590000.0
PENN,446900000.0
PEP,919000000.0
PEPG,7142000.0
PERI,18520000.0
PESI,262000.0
PET,5841000.0
PETQ,34547000.0
PETS,185000.0
PFE,0.0
PFGC,232200000.0
PFHC,59500000.0
PFHO,411083.0
PFIE,380582.0
PFMT,746000.0
PFPT,36241000.0
PFSW,1426000.0
PFTA,0.0
PG,452000000.0
PGEN,6641000.0
PGNY,461000.0
PGRE,166952000.0
PGRWU,12282.0
PGTI,31077000.0
PGY,0.0
PH,506000000.0
PHAT,56851000.0
PHIN,43000000.0
PHM,0.0
PHR,330000.0
PHUN,1733000.0
PHVS,1211393.0
PHX,2563268.0
PHYT,0.0
PI,4873000.0
PII,137000000.0
PIII,22173000.0
PINC,1281000.0
PINE,12008000.0
PINS,127003000.0
PIPR,5681000.0
PIRS,3675000.0
PIXY,5000.0
PJT,0.0
PK,257000000.0
PKE,1209000.0
PKG,41400000.0
PKI,30615000.0
PKOH,47400000.0
PL,7672000.0
PLAB,334000.0
PLAN,493000.0
PLAO,32228.0
PLAY,135300000.0
PLBY,23689000.0
PLCE,35747000.0
PLD,863932000.0
PLL,1154181.0
PLNHF,333082.0
PLNT,76922000.0
PLOW,15260000.0
PLPC,352000.0
PLRX,3024000.0
PLSE,2690000.0
PLTK,111100000.0
PLTR,196792000.0
PLUG,15905000.0
PLUS,2211000.0
PLX,237000.0
PLXP,1000.0
PLXS,25016000.0
PLYA,89364000.0
PLYM,37412000.0
PM,1143000000.0
PMD,0.0
PMN,76775.0
PMTS,34087000.0
PMVP,10655000.0
PNM,82215000.0
PNNT,0.0
PNR,88600000.0
PNRG,1546000.0
PNT,5354.0
PNTG,1239000.0
PNW,331323000.0
PNYG,0.0
POAI,0.0
PODD,3200000.0
POET,177872.0
POLA,58000.0
POLY,69711000.0
POM,1447000000.0
POOL,50250000.0
POST,316500000.0
POWI,0.0
POWL,17315000.0
POWW,632062.0
PPC,88509000.0
PPG,95000000.0
PPIH,1940000.0
PPL,738000000.0
PPSI,431000.0
PPTA,246000.0
PPYAU,453653.0
PQG,224000.0
PR,296171000.0
PRAH,43130000.0
PRAX,0.0
PRBM,0.0
PRCH,31828000.0
PRCP,136000.0
PRCT,4184000.0
PRDO,28380000.0
PRFT,363000.0
PRG,29406000.0
PRGO,187800000.0
PRGS,32012000.0
PRIM,65300000.0
PRKA,229244.0
PRKR,366000.0
PRLB,0.0
PRLD,0.0
PRLH,0.0
PRM,40461000.0
PRME,3522000.0
PRO,4596000.0
PROC,37917000.0
PROG,9815000.0
PROK,19743000.0
PRPL,17510000.0
PRPO,74000.0
PRSO,21000.0
PRTA,25816000.0
PRTH,88948000.0
PRTK,17367000.0
PRTS,1437000.0
PRTY,87226000.0
PRVA,10888000.0
PRVB,1204000.0
PS,29322000.0
PSA,136319000.0
PSB,43189000.0
PSFE,140805000.0
PSIX,11443000.0
PSMT,1910000.0
PSN,40154000.0
PSNL,5486000.0
PSPC,0.0
PSSR,1056913.0
PSTG,0.0
PSTI,219000.0
PSTL,12041000.0
PSTV,94000.0
PSTX,8671000.0
PSX,907000000.0
PTC,119653000.0
PTCT,166993000.0
PTE,11000.0
PTEN,66234000.0
PTGX,26315000.0
PTHR,5216421.0
PTIC,0.0
PTLO,25307000.0
PTMN,0.0
PTN,17114.0
PTOCU,75817.0
PTON,77400000.0
PTRA,28588000.0
PTSI,13240000.0
PTVE,234000000.0
PUBM,8477000.0
PUCKU,3810230.0
PULM,467000.0
PUMP,7815000.0
PURE,155000.0
PVAC,48931000.0
PVH,66600000.0
PVNC,92194.0
PWFL,1499000.0
PWP,7606000.0
PWR,170283000.0
PWSC,66722000.0
PWUP,5804247.0
PXD,153000000.0
PXLW,0.0
PXMD,9165.0
PXS,3285000.0
PYCR,4682000.0
PYPL,0.0
PYXS,6630000.0
PYYX,128041000.0
PZG,1156483.0
PZN,208000.0
PZZA,42578000.0
QADA,332000.0
QBTS,2159000.0
QCOM,697000000.0
QDEL,5706000.0
QEP,103900000.0
QFTA,3087315.0
QIND,311914.0
QIPT,7991000.0
QLYS,25784000.0
QMCO,23607000.0
QNCX,3478000.0
QNST,272000.0
QOMOU,1925395.0
QRHC,10312000.0
QRTEA,468000000.0
QRVO,78328000.0
QS,43800000.0
QSEP,358000.0
QSI,9638000.0
QSR,577000000.0
QTNT,31954000.0
QTRX,14655000.0
QTWO,11403000.0
QUAD,64500000.0
QUBT,2496000.0
QUIK,406000.0
QUOT,5641000.0
QURE,42326000.0
QVC,251000000.0
R,386000000.0
RAD,224399000.0
RADA,0.0
RADI,67167000.0
RAIL,6850000.0
RAIN,1415000.0
RAMP,0.0
RANI,5033000.0
RAPT,0.0
RARE,37000000.0
RAVE,153000.0
RAVN,0.0
RBA,207500000.0
RBBN,33821000.0
RBCN,66000.0
RBLX,138347000.0
RBOT,4404000.0
RBTK,498120.0
RCEL,7000.0
RCFA,8111715.0
RCII,107486000.0
RCKT,1886000.0
RCKY,17008000.0
RCL,1574000000.0
RCLF,14000.0
RCM,126900000.0
RCMT,2215000.0
RCUS,2000000.0
RDFN,21432000.0
RDI,21154000.0
RDNT,79849000.0
RDUS,18180000.0
RDVT,1400000.0
RDW,13483000.0
RDWR,16552000.0
RDZN,0.0
REAL,13441000.0
REBN,215140.0
REE,7812000.0
REED,5223000.0
REEMF,1150000.0
REFI,2614138.0
REFR,0.0
REG,180119000.0
REGI,19882000.0
REGN,55200000.0
REI,42819864.0
REKR,2645000.0
RELL,284000.0
RENN,1635000.0
RENT,24200000.0
REPH,9569000.0
REPL,7893000.0
REPX,34338000.0
RES,12410000.0
RETA,0.0
REV,252900000.0
REVEU,1622.0
REVG,28500000.0
REX,0.0
REXR,98596000.0
REYN,98000000.0
REZI,81000000.0
RFIL,0.0
RFP,21000000.0
RGCO,4051885.0
RGEN,20731000.0
RGF,7421000.0
RGLD,280000.0
RGLS,3683000.0
RGNX,12485000.0
RGP,1064000.0
RGR,4783000.0
RGS,25393000.0
RGTI,1858000.0
RH,64947000.0
RHE,2751000.0
RHI,22118000.0
RHP,108479000.0
RICK,16197000.0
RIDE,3206000.0
RIG,312000000.0
RIGL,5826000.0
RILY,297800000.0
RIO,156000000.0
RIOT,296000.0
RITM,1835325000.0
RIVN,67000000.0
RKDA,695000.0
RKLB,3954000.0
RKT,319984000.0
RL,29900000.0
RLAY,34746000.0
RLBY,114000.0
RLGT,1277000.0
RLGY,153000000.0
RLJ,94044000.0
RLMD,404004.0
RLX,11223122.0
RLYB,4216000.0
RM,74530000.0
RMAX,32520000.0
RMBL,64100000.0
RMBS,1416000.0
RMCF,76915.0
RMD,45708000.0
RMNI,4271000.0
RMR,760000.0
RMTI,1162000.0
RNA,56882000.0
RNG,64995000.0
RNGR,2600000.0
RNLX,0.0
RNXT,57000.0
ROAD,19071000.0
ROC,3369000.0
ROCK,4047000.0
ROCL,2967733.0
ROCR,59317000.0
ROG,800000.0
ROIC,73189000.0
ROIV,4216000.0
ROK,154000000.0
ROKU,411000.0
ROL,27677000.0
ROLL,59800000.0
ROOT,42200000.0
ROP,259200000.0
ROST,171568000.0
ROT,1244000.0
ROVR,3894000.0
RP,51460000.0
RPAY,1881000.0
RPD,10100000.0
RPHM,1713000.0
RPID,3164000.0
RPM,117969000.0
RPRX,109626000.0
RPT,35589000.0
RPTX,10391000.0
RRC,118758000.0
RRD,127600000.0
RRGB,25277000.0
RRR,228804000.0
RRX,380900000.0
RS,40300000.0
RSG,530000000.0
RSI,2765000.0
RSKD,20167000.0
RSLS,2049000.0
RSTRF,577000000.0
RSVR,21883321.0
RTC,11468.0
RTLR,32080000.0
RTX,1862000000.0
RUBY,3044000.0
RUN,848366000.0
RUSHA,70858000.0
RUTH,1507000.0
RVLV,0.0
RVMD,86883000.0
RVNC,6071000.0
RVPH,342872.0
RVYL,869000.0
RWAY,0.0
RWLK,921000.0
RWODU,356603.0
RWT,0.0
RXDX,4026000.0
RXN,40400000.0
RXO,32000000.0
RXRX,0.0
RXST,9453000.0
RXT,98000000.0
RYAM,85715000.0
RYI,43000000.0
RYN,25544000.0
RYTM,5892000.0
S,49929000.0
SABR,453274000.0
SAFE,128969000.0
SAFM,2518000.0
SAGE,31675000.0
SAH,64700000.0
SAI,0.0
SAIA,7881000.0
SAIC,126000000.0
SAIL,1905000.0
SAM,110000.0
SAMA,1274626.0
SAMG,1288000.0
SANA,10471000.0
SAND,16477000000.0
SANM,16743000.0
SANW,7404564.0
SAP,430705887.0
SAR,0.0
SATL,970000.0
SATS,364997000.0
SAVA,8510000.0
SAVE,170770000.0
SB,28597000.0
SBAC,357816000.0
SBG,1630000.0
SBH,76408000.0
SBIG,2202000.0
SBRA,115272000.0
SBTX,29000.0
SBUX,562000000.0
SC,0.0
SCAQ,3577988.0
SCCO,245100000.0
SCHL,2700000.0
SCHN,26898000.0
SCI,257771000.0
SCL,14182000.0
SCLX,1963000.0
SCOR,915000.0
SCPH,4126000.0
SCPL,0.0
SCS,25700000.0
SCSC,3650000.0
SCTY,80265000.0
SCU,0.0
SCVL,6334000.0
SCWO,67067.0
SCWX,2554000.0
SCX,899571.0
SCYX,3463000.0
SD,7744000.0
SDAC,4405197.0
SDC,17961000.0
SDGR,0.0
SDON,0.0
SDPI,628499.0
SDSYA,6419829.0
SE,100794000.0
SEAC,0.0
SEAS,167762000.0
SEAT,23172000.0
SEB,8000000.0
SEDG,41212000.0
SEE,162300000.0
SEEL,107000.0
SEER,17764000.0
SELB,7386000.0
SELB_delisted,3031000.0
SELF,880744.0
SEM,130635000.0
SEMR,0.0
SENEA,14325000.0
SENS,3935000.0
SERA,28000.0
SES,15036000.0
SESN,1702000.0
SEVN,0.0
SFE,903000.0
SFIX,924000.0
SFM,2201000.0
SFRX,104801.0
SFT,10950000.0
SFWL,1813000.0
SFY,80119000.0
SG,10686000.0
SGA,699000.0
SGC,9718000.0
SGEN,0.0
SGFY,20600000.0
SGH,28378000.0
SGHT,4662000.0
SGLB,3858.0
SGMA,1500140.0
SGMO,0.0
SGMS,293000000.0
SGMT,553000.0
SGRY,234900000.0
SGTX,1344000.0
SGU,11560000.0
SHAK,2045000.0
SHAP,0.0
SHC,164691000.0
SHCR,4536000.0
SHEN,0.0
SHLS,13309000.0
SHLT,13353000.0
SHLX,55000000.0
SHO,36946000.0
SHOO,5538000.0
SHPH,1169292.0
SHW,404700000.0
SHWZ,32069082.0
SHYF,8540000.0
SIBN,4408000.0
SIC,14568000.0
SIEN,8982000.0
SIF,920000.0
SIG,9800000.0
SIGA,3016817.0
SILK,3086000.0
SINO,0.0
SINT,78000.0
SIOX,27000.0
SIRI,496000000.0
SITC,76383000.0
SITE,31900000.0
SITM,22883000.0
SIX,158256000.0
SJI,127130000.0
SJM,388700000.0
SJW,66144000.0
SKGR,0.0
SKIN,6232000.0
SKLZ,298000.0
SKT,60637000.0
SKX,0.0
SKY,16974000.0
SKYE,2279454.0
SKYT,8837000.0
SKYW,66379000.0
SKYX,4055905.0
SLAB,1310000.0
SLAM,0.0
SLB,512000000.0
SLCA,101709000.0
SLDB,9129000.0
SLDP,8434000.0
SLG,116679000.0
SLGC,1324000.0
SLGG,559000.0
SLGN,108428000.0
SLM,0.0
SLND,8891000.0
SLNG,112000.0
SLNO,11821000.0
SLP,0.0
SLQT,93551000.0
SLRN,31209000.0
SLS,632000.0
SLVM,39000000.0
SM,109000000.0
SMAP,63000.0
SMAR,25641000.0
SMCI,19352000.0
SMED,194000.0
SMG,158800000.0
SMHI,38859000.0
SMID,155000.0
SMIT,46828.0
SMLP,140784000.0
SMLR,1877000.0
SMMT,8686000.0
SMP,13512000.0
SMPL,21722000.0
SMR,3760000.0
SMRT,8242000.0
SMSI,112000.0
SMTC,87765000.0
SMTI,475783.0
SMWB,134000.0
SN,63715000.0
SNA,49600000.0
SNAP,131914000.0
SNBR,48368000.0
SNCE,813000.0
SNCR,6373000.0
SNCY,26241000.0
SND,1769000.0
SNDL,43451291.0
SNDR,12300000.0
SNDX,21161000.0
SNEX,1183500000.0
SNFCA,7127516.0
SNH,226289000.0
SNOA,10000.0
SNOW,206250000.0
SNPO,58263000.0
SNPS,36829000.0
SNRH,0.0
SNSE,2460000.0
SNWV,13779000.0
SNX,319458000.0
SO,138000000.0
SOCGP,291000000.0
SOFI,0.0
SOFO,1770000.0
SOHO,20189925.0
SOI,11808000.0
SOL,3499180.0
SOLO,2301218.0
SOLY,0.0
SON,145050000.0
SONM,15000.0
SONO,11524000.0
SONX,5471000.0
SOPA,41398.0
SOPH,1449000.0
SOTK,488504.0
SOUN,12168000.0
SOVO,34077000.0
SOWG,741204.0
SP,28800000.0
SPB,1000000.0
SPCE,29425000.0
SPFX,3798046.0
SPG,905797000.0
SPGC,161000.0
SPGI,297000000.0
SPH,74590000.0
SPIR,18811000.0
SPKE,6844000.0
SPLK,20625000.0
SPLP-PA,97015000.0
SPNE,0.0
SPNS,3978000.0
SPNT,64100000.0
SPOK,1153000.0
SPOT,25972214.0
SPPI,30000.0
SPR,353500000.0
SPRB,307000.0
SPRO,4735000.0
SPRT,0.0
SPSC,0.0
SPT,448000.0
SPTN,44827000.0
SPWH,12278000.0
SPWR,18366000.0
SPXC,43600000.0
SQ,9302000.0
SQBG,48252000.0
SQFTP,6050196.0
SQSP,36768000.0
SQZ,1223000.0
SR,185700000.0
SRAC,370000.0
SRAX,0.0
SRC,117622000.0
SRCL,73900000.0
SRDX,3540000.0
SRE,988000000.0
SREV,1784000.0
SRFM,2969000.0
SRG,24972000.0
SRGA,1009000.0
SRI,14447000.0
SRLP,33938000.0
SRNE,8574000.0
SRNGU,38518000.0
SRNW,0.0
SRPT,0.0
SRRA,0.0
SRRK,5845000.0
SRTS,932000.0
SRT_delisted,9834000.0
SRZN,1693000.0
SSD,5277000.0
SSKN,1865000.0
SSNC,451900000.0
SSNT,121800000.0
SSP,210344000.0
SSSS,4843570.0
SST,31562000.0
SSTI,154000.0
SSTK,10561000.0
ST,139600000.0
STAA,5911000.0
STAG,113169000.0
STAR,198042000.0
STAY,130133000.0
STE,86261000.0
STEM,18293000.0
STEP,776000.0
STER,36233000.0
STFR,74492428.0
STG,164626907.0
STGW,92317000.0
STHO,15752000.0
STIM,7286000.0
STKS,31109000.0
STLA,807730838.0
STLD,56347000.0
STLY,0.0
STM,58000000.0
STMP,1114000.0
STNE,235155477.0
STOK,9908000.0
STOR,362069000.0
STR,1924000.0
STRA,0.0
STRL,2367000.0
STRM,1071000.0
STRN,305000.0
STRO,18643000.0
STRR,633000.0
STRS,15000.0
STRT,328000.0
STRW,32603000.0
STRY,24739000.0
STSA,892000.0
STSFF,69078000.0
STWD,0.0
STX,317000000.0
STXS,694000.0
STZ,422900000.0
SU,0.0
SUI,234000000.0
SUM,114155000.0
SUMO,173000.0
SUN,391000000.0
SUNW,172000.0
SUP,67105000.0
SUPN,2415000.0
SURF_delisted,3146000.0
SURG,4801520.0
SVA,82854000.0
SVACU,163300000.0
SVC,379740000.0
SVFD,270393.0
SVII,43004.0
SVRA,6467000.0
SVT,203000.0
SVV,62444000.0
SWAG,6328000.0
SWAV,6905000.0
SWBI,4622000.0
SWCH,0.0
SWI,103801000.0
SWIM,24840000.0
SWK,319500000.0
SWKH,4685000.0
SWKS,30700000.0
SWM,74700000.0
SWN,142000000.0
SWSSU,2505330.0
SWTX,1330000.0
SXC,23400000.0
SXI,4544000.0
SXT,28781000.0
SYBX,1425000.0
SYK,409000000.0
SYKE,1168000.0
SYM,0.0
SYN,697000.0
SYNA,23000000.0
SYNH,80788000.0
SYNL,4238000.0
SYPR,1684000.0
SYRE,21312000.0
SYRS,1689000.0
SYX,200000.0
SYY,607000000.0
T,6759000000.0
TACO,2893000.0
TACT,147000.0
TALK,5739000.0
TALO,173145000.0
TALS,0.0
TAP,247300000.0
TARA,4171000.0
TARS,7165000.0
TASK,0.0
TAST,29112000.0
TATT,902000.0
TAYD,1426584.0
TA_delisted,41780000.0
TBCP,5649184.0
TBI,1620000.0
TBIO,0.0
TBLA,9213000.0
TBPH,2350000.0
TBTC,388716.0
TCDA,17602000.0
TCI,7642000.0
TCMD,1299000.0
TCNNF,71791000.0
TCNT,0.0
TCOM,84304130.0
TCON,7304000.0
TCRR,1938000.0
TCRT,1921000.0
TCRX,3653000.0
TCS,20672000.0
TCX,14456000.0
TDAC,19789451000.0
TDC,18000000.0
TDG,1286000000.0
TDOC,33268000.0
TDS,224000000.0
TDUP,805000.0
TDW,72967000.0
TDY,57900000.0
TEAM,62586000.0
TECH,12413000.0
TEL,17000000.0
TELA,5290000.0
TELL,18047000.0
TEN,274000000.0
TENB,8595000.0
TEO,1455571000000.0
TER,21185000.0
TERN,13289000.0
TESS,2227700.0
TEUM,9141000.0
TEVA,981000000.0
TEX,76000000.0
TFFP,266188.0
TFX,53352000.0
TG,4664000.0
TGAA,5719743.0
TGAN,792000.0
TGEN,14238.0
TGI,87628000.0
TGLO,84915.0
TGLS,7433000.0
TGNA,142247000.0
TGT,411000000.0
TGTX,24028000.0
TGVC,0.0
TH,16619000.0
THC,826000000.0
THCP,6158350.0
THMA,3892000.0
THMO,10032000.0
THO,88666000.0
THPTF,0.0
THR,10325000.0
THRD,13409000.0
THRM,15300000.0
THRN,26328.0
THRX,0.0
THRY,46771000.0
THS,59200000.0
TIGR,18668523.0
TIL,2005000.0
TILE,23205000.0
TISI,16691000.0
TITN,49815000.0
TIVC,1000.0
TIXT,46000000.0
TJBH,22890.0
TJX,181000000.0
TK,29676000.0
TKAT,0.0
TKNO,687000.0
TKR,110200000.0
TLCC,7996000.0
TLF,331000.0
TLGY,0.0
TLND,7882000.0
TLRY,36433000.0
TLS,644000.0
TLSA,0.0
TLYS,0.0
TM,1250890837.0
TM-28,5825000000.0
TMC,516000.0
TMCI,379000.0
TMDX,14409000.0
TMHC,13316000.0
TMKRU,3862685.0
TMO,312000000.0
TMST,9600000.0
TMTC,0.0
TMUS,3411000000.0
TMX,45000000.0
TNC,9100000.0
TNDM,7415000.0
TNET,62000000.0
TNGX,7890000.0
TNL,235000000.0
TNON,34000.0
TNP,48253000.0
TNXP,25000.0
TNYA,4737000.0
TOL,0.0
TOMZ,40623.0
TOST,42000000.0
TPB,13983000.0
TPC,89133000.0
TPCO,773000.0
TPCS,541000.0
TPG,4768000.0
TPH,0.0
TPIC,84720000.0
TPL,0.0
TPR,125000000.0
TPST,1282000.0
TPVG,0.0
TPX,134800000.0
TR,0.0
TRC,0.0
TRDA,19474000.0
TREC,1205000.0
TREE,27849000.0
TREX,11000.0
TRGP,767200000.0
TRHC,9034000.0
TRIN,20394000.0
TRIP,2000000.0
TRKA,2943367.0
TRMB,90700000.0
TRMR,0.0
TRN,191400000.0
TRNO,8838000.0
TRNS,27000.0
TRON,0.0
TROO,48000.0
TROW,0.0
TROX,157000000.0
TRP,2442000000.0
TRS,19560000.0
TRSSF,7427000.0
TRT,77000.0
TRTN,226091000.0
TRTX,198854000.0
TRU,236700000.0
TRUE,6147000.0
TRUP,14498000.0
TRVI,3598000.0
TSBX,0.0
TSCO,54592000.0
TSE,43600000.0
TSHA,6838000.0
TSLA,1219000000.0
TSM,10554892.0
TSN,392000000.0
TSP,16906000.0
TSQ,36226000.0
TSRI,52656.0
TSSI,2737000.0
TSVT,10875000.0
TT,238400000.0
TTC,61900000.0
TTCF,674000.0
TTD,78842000.0
TTE,2386000000.0
TTEC,81583000.0
TTEK,37271000.0
TTGT,0.0
TTI,22465000.0
TTMI,47515000.0
TTNP,53000.0
TTOO,5343000.0
TTRX,28709.0
TTSH,275000.0
TTWO,0.0
TUEM,7177000.0
TUP,34111931.0
TUSK,9497000.0
TVAC,1615000.0
TVTX,14047000.0
TVTY,34762000.0
TW,69758000.0
TWCB,0.0
TWI,25405000.0
TWIN,1443000.0
TWKS,26238000.0
TWLO,0.0
TWLVU,5053210.0
TWNK,40950000.0
TWO,0.0
TWOA,0.0
TWOU,72612000.0
TWST,15344000.0
TWTR,15503000.0
TXG,18926000.0
TXMD,0.0
TXN,508000000.0
TXRH,6774000.0
TXT,107000000.0
TYGO,10553000.0
TYHT,118795.0
TYL,5931000.0
TYME,70244.0
TYRA,0.0
TZOO,0.0
TZUP,53983.0
U,23542000.0
UA,6115000.0
UAL,676000000.0
UAN,29827000.0
UAVS,8387794.0
UBA,13175000.0
UBER,198000000.0
UBX,1733000.0
UCAR,91816.0
UCTT,41700000.0
UDMY,20045000.0
UDR,195712000.0
UE,78920000.0
UEC,1802000.0
UEEC,546228.0
UEIC,3361000.0
UEPEP,663000000.0
UEPS,3740000.0
UFI,7726000.0
UFPI,47824000.0
UFPT,8061000.0
UFS,90000000.0
UG,0.0
UGI,394000000.0
UHAL,236659000.0
UHS,206674000.0
UI,75169000.0
UIS,31900000.0
ULBI,1940000.0
ULCC,4000000.0
ULH,30207000.0
ULNV,0.0
ULTA,15094000.0
UMH,15796000.0
UNF,7242000.0
UNFI,162000000.0
UNH,3906000000.0
UNIT,511364000.0
UNP,1269000000.0
UNTC,2195000.0
UNVR,102900000.0
UONE,42591000.0
UP,63182000.0
UPLD,8939000.0
UPS,866000000.0
UPST,40433000.0
UPTD,0.0
UPWK,778000.0
URBN,30995000.0
URGN,12521000.0
URI,691000000.0
USAC,193471000.0
USAK,3929000.0
USAP,8414000.0
USAU,160591.0
USCR,45900000.0
USDP,10670000.0
USEG,544000.0
USFD,255000000.0
USLM,248000.0
USM,155000000.0
USNA,11038000.0
USPH,11867000.0
USX,19054000.0
UTHR,156200000.0
UTI,3157000.0
UTL,25600000.0
UTMD,0.0
UTZ,44900000.0
UVV,76153000.0
UWMC,490763000.0
V,641000000.0
VAC,162000000.0
VACC,2625000.0
VADP,1125.0
VALPQ,1300000.0
VALU,0.0
VAPO,18655000.0
VAR,3600000.0
VATE,74500000.0
VC,2000000.0
VCEL,946000.0
VCRA,2166000.0
VCSA,1323000.0
VCTR,63836000.0
VCYT,0.0
VEC,107900000.0
VECO,1853000.0
VEEE,72041.0
VEEV,0.0
VEL,0.0
VEON,471000000.0
VER,265660000.0
VERA,13088000.0
VERI,0.0
VERO,6885000.0
VERU,2427041.0
VERV,0.0
VERX,4137000.0
VERY,0.0
VFC,149243000.0
VFF,2451000.0
VG,28348000.0
VGAS,236699.0
VGR,115639251.0
VGZ,701000.0
VHC,0.0
VHI,32500000.0
VIAV,30900000.0
VICI,812084000.0
VICR,0.0
VIDE,25000.0
VIGL,5418000.0
VII,3047091.0
VINC,472000.0
VINP,4704421.0
VIOT,0.0
VIR,71809000.0
VIRC,349000.0
VIRI,5672.0
VIRT,626979000.0
VIRX,359000.0
VISL,38000.0
VITL,391000.0
VIVE,1000000.0
VIVK,548500.0
VIVO,1172000.0
VKTX,40940000.0
VLD,15968000.0
VLDR,368000.0
VLGEA,10664000.0
VLO,562000000.0
VLTA,18274000.0
VMC,170300000.0
VMEO,998000.0
VMGAU,0.0
VMI,51539000.0
VMW,304000000.0
VNCE,6569000.0
VNDA,0.0
VNE,18000000.0
VNJA,0.0
VNO,344295000.0
VNOM,73848000.0
VNRX,330415.0
VNT,74700000.0
VOD,0.0
VOLT,1768000.0
VOR,4271000.0
VORB,1326000.0
VOXX,6935000.0
VOYG,12016000.0
VPCC,5005000.0
VPG,0.0
VRA,1118000.0
VRAY,3371000.0
VRCA,7995000.0
VRDN,29400000.0
VRDR,175371.0
VRE,46981000.0
VREX,22900000.0
VRM,24287000.0
VRML,33000.0
VRNA,8280000.0
VRNOF,54759000.0
VRNS,34644000.0
VRNT,3532000.0
VRRM,73902000.0
VRS,2000000.0
VRSK,124600000.0
VRSN,75300000.0
VRT,150400000.0
VRTS,170836000.0
VRTV,17700000.0
VRTX,567500000.0
VSAC,1487280.0
VSAT,338024000.0
VSBC,0.0
VSCO,60000000.0
VSEC,34947000.0
VSH,17538000.0
VST,900000000.0
VSTM,413000.0
VSTO,62949000.0
VTAQ,15508000.0
VTIQ,122968000.0
VTLE,177794000.0
VTNR,980000.0
VTOL,28680000.0
VTR,467557000.0
VTRS,550000000.0
VTS,9980000.0
VTSI,0.0
VTVT,1565000.0
VTYX,13416000.0
VUZI,0.0
VVI,28324000.0
VVNT,165317000.0
VVV,71900000.0
VWE,18407000.0
VWTR,0.0
VXRT,2543000.0
VYGR,18328000.0
VYNE,5610000.0
VZIO,0.0
W,29000000.0
WAB,201000000.0
WALD,17155000.0
WAT,72261000.0
WATT,809000.0
WBA,482000000.0
WBD,2017000000.0
WBEV,654000.0
WBT,74900000.0
WCC,364900000.0
WCN,315197000.0
WDAY,0.0
WDC,381000000.0
WDFC,3813000.0
WDH,20745076.0
WDQ,8138000.0
WDS,145000000.0
WE,507000000.0
WEAV,328000.0
WEC,815300000.0
WELL,574261000.0
WELPP,489400000.0
WEN,123881000.0
WERN,32314000.0
WES,378513000.0
WEST,0.0
WETF,8924000.0
WEWA,505893.0
WEX,157080000.0
WEYS,3666000.0
WFCF,3000.0
WFG,3000000.0
WFRD,102000000.0
WGO,21100000.0
WH,124000000.0
WHD,6459000.0
WHF,13125000.0
WHG,0.0
WHLM,69000.0
WHLR,32142000.0
WHR,358000000.0
WIFI,9004000.0
WINA,1706600.0
WING,21292000.0
WINV,420940.0
WIRE,33290046.0
WISH,0.0
WIT,71468615.0
WK,26530000.0
WKHS,10260000.0
WLDN,0.0
WLFC,104764000.0
WLK,176000000.0
WLKP,25701000.0
WLL,12798000.0
WM,598000000.0
WMB,1364000000.0
WMG,161000000.0
WMK,0.0
WMS,91803000.0
WMT,2245000000.0
WNC,19839000.0
WNDW,242371.0
WOLF,246300000.0
WOOF,139817000.0
WOR,1587000.0
WORK,38105000.0
WOW,88600000.0
WPC,277367000.0
WPG,156752000.0
WR,563100000.0
WRAC,3191516.0
WRAP,375000.0
WRBY,0.0
WRE,37835000.0
WRI,61148000.0
WRK,417900000.0
WSC,116358000.0
WSM,55548000.0
WSO,2165000.0
WSR,33948000.0
WST,16600000.0
WSTG,917000.0
WSTL,0.0
WTI,40454000.0
WTRG,234441000.0
WTRH,5664000.0
WTS,5800000.0
WTTR,2136000.0
WTW,263000000.0
WU,107900000.0
WVE,0.0
WW,108954000.0
WWD,41501000.0
WWE,21156000.0
WWR,0.0
WWW,42700000.0
WY,216000000.0
WYNN,558068000.0
WYY,217813.0
X,72000000.0
XAIR,3019000.0
XBIO,249861.0
XBIT,9005000.0
XEC,92914000.0
XEL,1255000000.0
XELA,139656000.0
XENE,8713000.0
XENT,6437000.0
XERS,25164000.0
XFIN,0.0
XFOR,2999000.0
XGN,1467000.0
XHR,80882000.0
XL,22402000.0
XLNX,0.0
XLO,0.0
XLRN,2873000.0
XM,0.0
XMTR,6030000.0
XNCR,4713000.0
XNET,4164000.0
XOG_delisted,57143000.0
XOM,996000000.0
XOMA,13840000.0
XONE,239000.0
XOS,0.0
XPDB,932371.0
XPEL,996000.0
XPER,52539000.0
XPL,131000.0
XPO,223000000.0
XPRO,12517000.0
XRAY,69000000.0
XRX,0.0
XSPA,380000.0
XTNT,4160000.0
XXII,40000.0
XYL,44000000.0
Y,102308000.0
YCQH,60.0
YELL,162900000.0
YELP,0.0
YETI,660000.0
YEXT,5135000.0
YI,791307.0
YJ,14356000.0
YMAB,1389000.0
YMM,23828871.0
YNDX,12264911.0
YORW,8904000.0
YOTA,364159.0
YOU,32509000.0
YRD,72844054.0
YSG,10221388.0
YTEN,0.0
YUM,489000000.0
YUMC,129000000.0
YUMM,0.0
Z,36000000.0
ZBH,218000000.0
ZBRA,98000000.0
ZDGE,11000.0
ZEN,0.0
ZETA,7147000.0
ZEUS,16461000.0
ZEV,14958000.0
ZGN,2442934.0
ZGNX,14617000.0
ZI,39300000.0
ZIMV,11837000.0
ZIP,29597000.0
ZIVO,22939.0
ZIXI,9325000.0
ZKH,6294012.0
ZLAB,4939000.0
ZM,0.0
ZNGA,52800000.0
ZNOG,240000.0
ZNTE,3661000.0
ZNTL,0.0
ZOM,3966000.0
ZS,95998000.0
ZTO,91206495.0
ZTS,225000000.0
ZUMZ,4205000.0
ZUO,21480000.0
ZUUS,42897.0
ZVIA,0.0
ZVO,0.0
ZVSA,427542.0
ZY,14641000.0
ZYME,1965000.0
ZYNE,846860.0
ZYXI,2382000.0
