ticker,price,market_cap,shares_outstanding,52w_high,52w_low
MMM,147.73919677734375,77055928205.4992,521567261,177.41000366210938,137.6300048828125
AOS,60.560001373291016,8346901658.718811,137828624,81.87000274658203,58.220001220703125
ABT,87.04499816894531,151616122800.57486,1741813154,139.05999755859375,86.16000366210938
ABBV,204.97000122070312,362543226572.8237,1768762377,244.80999755859375,176.57000732421875
ACN,177.47000122070312,109221278418.99362,615435159,325.7099914550781,173.52000427246094
ADBE,251.9600067138672,101842234713.74512,404200000,422.95001220703125,224.1300048828125
AMD,414.2550048828125,675405852142.2104,1630410844,430.57000732421875,96.87999725341797
AES,14.40999984741211,10275361978.623905,713071623,17.649999618530273,9.460000038146973
AFL,114.31510162353516,58361288831.8634,510530000,119.31999969482422,96.94999694824219
A,119.16000366210938,33674893128.640594,282602317,160.27000427246094,104.36000061035156
APD,302.0450134277344,67259590792.9671,222680686,307.2900085449219,229.11000061035156
ABNB,139.67999267578125,83043282844.927,594525252,147.25,110.80999755859375
AKAM,117.87000274658203,17353181072.12018,147223048,121.12000274658203,69.77999877929688
ALB,196.67999267578125,23185992071.73065,117886887,215.7100067138672,53.70000076293945
ARE,46.08000183105469,8030337957.496948,174269480,88.23999786376953,39.40999984741211
ALGN,171.89999389648438,12311009135.382843,71617275,208.30999755859375,122.0
ALLE,136.6699981689453,11744853965.516739,85935861,183.11000061035156,131.22000122070312
LNT,72.56999969482422,18743164496.270103,258277037,75.76000213623047,58.97999954223633
ALL,220.48500061035156,56757453908.16727,257420930,222.22999572753906,188.0800018310547
GOOGL,395.57501220703125,4792566969112.155,12115444154,398.4800109863281,147.83999633789062
GOOG,391.9049987792969,4748103126384.01,12115444154,394.5,149.49000549316406
MO,70.86000061035156,118328493931.32072,1669891235,74.55999755859375,54.70000076293945
AMZN,273.79998779296875,2945296432264.4287,10757109436,278.55999755859375,183.85000610351562
AMCR,41.18000030517578,19027041655.205154,462045690,50.939998626708984,36.66999816894531
AEE,110.0199966430664,30437386225.673515,276653219,115.58999633789062,93.2699966430664
AEP,134.39999389648438,73054928394.3518,543563480,139.44000244140625,97.45999908447266
AXP,321.5199890136719,219381590457.0978,682326443,387.489990234375,273.6099853515625
AIG,78.875,41820015681.375,530206221,87.45999908447266,71.25
AMT,180.66000366210938,84168243551.69138,465893069,234.3300018310547,165.0800018310547
AWK,125.91999816894531,24589722846.750687,195280521,150.50999450683594,121.27999877929688
AMP,477.8399963378906,43053383670.043945,90100000,550.1799926757812,422.3699951171875
AME,240.91000366210938,55217296051.18646,229203002,242.0500030517578,167.75
AMGN,330.8999938964844,178685996704.10156,540000000,391.2900085449219,261.42999267578125
APH,139.49000549316406,171493296351.87457,1229430709,167.0399932861328,79.0999984741211
ADI,414.3599853515625,202292267343.09192,488204157,414.8800048828125,194.25999450683594
AON,312.8349914550781,66814343015.41666,213576949,381.0,304.5899963378906
APA,38.91999816894531,13754343465.784515,353400414,45.65999984741211,15.199999809265137
APO,131.63999938964844,75892968969.80069,576519062,157.27999877929688,99.55999755859375
AAPL,284.260009765625,4175027959991.211,14687356000,288.6199951171875,193.25
AMAT,429.1499938964844,340577669579.23975,793609867,432.80999755859375,151.50999450683594
APP,456.2655029296875,153424255498.0719,336260915,745.6099853515625,290.9599914550781
APTV,57.34000015258789,14400716494.881851,251146084,88.93000030517578,52.380001068115234
ACGL,95.5,33730600000.0,353200000,103.38999938964844,82.44999694824219
ADM,76.5199966430664,36874611434.31015,481895100,81.75,46.810001373291016
ARES,122.51499938964844,40502560885.78725,330592671,195.25999450683594,95.80000305175781
ANET,144.84500122070312,182384398784.18207,1259169438,179.8000030517578,82.80000305175781
AJG,204.11000061035156,52444431776.82495,256942000,351.2300109863281,195.0
AIZ,239.8000030517578,11938922032.537857,49786997,246.30999755859375,183.38999938964844
T,25.59000015258789,177807991847.88235,6948338835,29.790000915527344,22.950000762939453
ATO,185.1999969482422,30639292294.320404,165438946,192.50999450683594,149.97999572753906
ADSK,242.44000244140625,51154840515.13672,211000000,329.0899963378906,214.10000610351562
ADP,206.0399932861328,82361248779.51712,399734282,329.92999267578125,188.16000366210938
AZO,3574.539794921875,59047822872.31445,16519000,4388.10986328125,3210.719970703125
AVB,186.39999389648438,25930488626.12732,139112068,209.86000061035156,160.10000610351562
AVY,168.6269989013672,12898344067.360153,76490385,199.5399932861328,156.22999572753906
AXON,371.0899963378906,29899537774.025787,80572201,885.9199829101562,339.010009765625
BKR,66.95999908447266,66428919042.85398,992068697,70.41000366210938,35.83000183105469
BALL,59.68000030517578,15884014582.663467,266153058,68.29000091552734,44.83000183105469
BAC,53.78499984741211,381690127081.1812,7096590651,57.54999923706055,40.560001373291016
BAX,17.06999969482422,8816125808.946167,516469008,32.68000030517578,15.729999542236328
BDX,145.47650146484375,41383213025.424194,284466650,187.35000610351562,127.58647918701172
BRK-B,469.79998779296875,1013289887501.8184,2156853797,521.260009765625,455.19000244140625
BBY,58.5098991394043,12327754140.527927,210695187,84.98999786376953,56.68000030517578
TECH,49.595001220703125,7759301207.723022,156453292,72.16000366210938,46.04999923706055
BIIB,189.28829956054688,27945978828.951508,147637117,202.41000366210938,115.25
BLK,1077.219970703125,167362243045.59204,155364965,1219.93994140625,906.5700073242188
BX,123.78500366210938,151297705031.9921,1222261991,190.08999633789062,101.7300033569336
XYZ,70.37999725341797,41922221826.60372,595655349,82.5,45.650001525878906
BK,133.66000366210938,91741419653.59497,686379000,139.14999389648438,81.12000274658203
BA,229.8300018310547,181175526177.15466,788302331,254.35000610351562,176.77000427246094
BKNG,169.81500244140625,131585983501.13306,774878436,233.57640075683594,150.6179962158203
BSX,55.244998931884766,82113690276.2564,1486355179,109.5,54.97999954223633
BMY,56.86000061035156,116112172350.80138,2042071247,62.88999938964844,42.52000045776367
AVGO,421.5,1995662639556.0,4734668184,437.67999267578125,195.94000244140625
BR,152.0489959716797,17585727934.644333,115658297,271.9100036621094,149.0500030517578
BRO,57.36000061035156,19442048366.637344,338947841,113.83999633789062,56.959999084472656
BF-B,27.0,12384997983.0,458703629,36.18000030517578,22.610000610351562
BLDR,79.19000244140625,8517666843.0373535,107559876,151.02999877929688,73.4000015258789
BG,125.57499694824219,24363824199.0287,194018115,133.92999267578125,71.5999984741211
BXP,59.439998626708984,9431699022.811726,158675963,79.33000183105469,49.720001220703125
CHRW,166.83999633789062,19665937895.616028,117873042,203.33999633789062,86.58000183105469
CDNS,351.2099914550781,96869335003.17383,275816000,376.45001220703125,262.75
CPT,104.80999755859375,10385685124.8396,99090596,120.1500015258789,96.52999877929688
CPB,20.96500015258789,6250641166.413544,298146488,36.15999984741211,19.760000228881836
COF,193.9199981689453,122983268930.27261,634195906,259.6400146484375,174.97999572753906
CAH,192.94000244140625,45187678235.49164,234205855,233.60000610351562,137.75
CCL,27.094999313354492,37530355887.71513,1385139577,34.029998779296875,19.219999313354492
CARR,68.13999938964844,56595749516.27394,830580423,81.08999633789062,50.2400016784668
CVNA,385.70001220703125,55254487767.65094,143257677,486.8900146484375,253.49000549316406
CASY,862.5599975585938,31972453637.98456,37066933,867.5599975585938,430.0
CAT,921.3900146484375,424384853963.3229,460591983,926.5,318.1099853515625
CBOE,340.86749267578125,35673072951.11279,104653784,346.4800109863281,212.75
CBRE,145.72500610351562,42670697761.985565,292816579,174.27000427246094,118.80999755859375
CDW,108.94010162353516,14052574585.504425,128993588,192.3000030517578,106.0
COR,265.99249267578125,51743701007.09973,194530682,377.5400085449219,244.8249969482422
CNC,53.970001220703125,26650224692.77954,493797000,64.1500015258789,25.079999923706055
CNP,43.119998931884766,28207787278.871613,654169480,44.470001220703125,35.459999084472656
CF,121.51000213623047,18665933223.500107,153616434,141.9600067138672,75.41999816894531
CRL,186.11500549316406,9183279156.443481,49341960,228.8800048828125,113.88999938964844
SCHW,91.68000030517578,160642652390.41217,1752210426,107.5,82.4000015258789
CHTR,158.0399932861328,22311828646.947174,141178370,437.05999755859375,156.13999938964844
CVX,183.72999572753906,363234201553.3447,1977000000,214.7100067138672,133.77000427246094
CMG,32.790000915527344,42060849034.37805,1282734000,58.41999816894531,29.75
CB,322.8800048828125,125232272919.12817,387860106,345.6700134277344,264.1000061035156
CHD,94.74500274658203,22449222222.27504,236943602,106.04000091552734,81.33000183105469
CIEN,570.9949951171875,80737794134.443,141398427,583.7750244140625,70.66999816894531
CI,280.489990234375,74198691414.63574,264532404,338.8900146484375,239.50999450683594
CINF,161.97000122070312,25054611790.56659,154686742,174.27000427246094,142.67999267578125
CTAS,170.00999450683594,68018808903.445816,400087119,229.24000549316406,165.4600067138672
CSCO,91.40499877929688,361039968682.3632,3949893042,94.72000122070312,58.58000183105469
C,129.14999389648438,225924539464.5041,1749319010,135.2899932861328,69.16999816894531
CFG,65.9000015258789,27867920623.066635,422881942,68.79000091552734,37.93000030517578
CLX,89.09500122070312,10773487914.954071,120921351,138.94000244140625,84.69999694824219
CME,286.2250061035156,103716306306.74094,362359347,329.1600036621094,257.1700134277344
CMS,74.37000274658203,22974351649.213028,308919602,80.36000061035156,67.70999908447266
KO,78.76000213623047,338863524432.77405,4302482418,82.0,65.3499984741211
CTSH,51.375,24300375000.0,473000000,87.02999877929688,50.810001373291016
COHR,341.28851318359375,63985402517.98657,187481852,364.79998779296875,66.70999908447266
COIN,195.03500366210938,51503901552.98715,264075169,444.6499938964844,139.36000061035156
CL,87.66000366210938,70144597844.98077,800189310,99.33000183105469,74.55000305175781
CMCSA,26.575000762939453,94931976627.6691,3572228557,34.35801315307617,24.13308334350586
FIX,1996.5150146484375,70282168068.02051,35202424,2013.194091796875,422.5299987792969
CAG,14.055000305175781,6724434373.587433,478437156,23.559999465942383,13.609999656677246
COP,118.7300033569336,144648051540.84207,1218294007,135.8699951171875,84.27999877929688
ED,107.91000366210938,39756338005.0589,368421246,116.2300033569336,94.95999908447266
STZ,152.9949951171875,26345503617.852173,172198467,196.91000366210938,126.44999694824219
CEG,318.518310546875,115397486845.57422,362294672,412.70001220703125,243.3000030517578
COO,61.17499923706055,11936123148.789528,195114398,89.83000183105469,60.0
CPRT,33.44499969482422,32217848742.68161,963308388,63.849998474121094,32.20000076293945
GLW,181.91000366210938,156558629897.49985,860637825,195.80999755859375,44.33000183105469
CPAY,305.1400146484375,20179516397.330322,66131990,361.989990234375,252.83999633789062
CTVA,81.56999969482422,54762549663.258255,671356502,85.62999725341797,60.53499984741211
CSGP,34.7400016784668,14186278224.511509,408355715,97.43000030517578,33.31999969482422
COST,996.5,442099756110.0,443652540,1067.0799560546875,844.0599975585938
CTRA,33.29499816894531,25282777239.181503,759356619,36.880001068115234,22.329999923706055
CRH,115.00499725341797,76846364005.8133,668200216,131.5500030517578,86.83000183105469
CRWD,466.20001220703125,118234891853.87512,253614090,566.9000244140625,342.7200012207031
CCI,90.55999755859375,39517425788.410034,436367346,115.76000213623047,75.95999908447266
CSX,45.665000915527344,84851912560.41693,1858138856,46.54999923706055,28.049999237060547
CMI,705.260009765625,97507429379.37012,138257420,712.010009765625,296.5899963378906
CVS,85.72000122070312,109859130989.6185,1281604403,88.62999725341797,58.349998474121094
DHR,174.5399932861328,123534280484.70201,707770627,242.8000030517578,172.05999755859375
DRI,196.5615997314453,22513183414.925888,114535003,228.27000427246094,169.0
DDOG,143.3699951171875,51031434773.510864,355942223,201.69000244140625,98.01000213623047
DVA,188.9199981689453,12458204969.892303,65944342,190.2550048828125,101.0
DECK,103.22000122070312,14652076179.898773,141949971,133.42999267578125,78.91000366210938
DE,590.2050170898438,159418672988.90125,270107282,674.1900024414062,433.0
DELL,230.5449981689453,149897757261.8689,650188720,231.6199951171875,92.52999877929688
DAL,73.23999786376953,48118264058.10867,656994340,76.38999938964844,44.099998474121094
DVN,47.5099983215332,29524627562.42309,621440299,52.709999084472656,29.700000762939453
DXCM,60.19499969482422,23227623732.755913,385872977,89.9800033569336,54.11000061035156
FANG,194.94000244140625,54838909332.996216,281311730,214.50999450683594,127.75
DLR,200.55999755859375,70478000541.27502,351406070,208.13999938964844,146.22999572753906
DG,115.91999816894531,25528634611.153564,220226320,158.22999572753906,86.25
DLTR,96.05999755859375,18705322024.956177,194725406,142.39999389648438,83.11000061035156
D,62.52000045776367,54983552198.14273,879455403,67.56999969482422,52.529998779296875
DPZ,323.9200134277344,10774185377.031555,33261870,499.0799865722656,323.54998779296875
DASH,166.6699981689453,72625849356.74454,435746386,285.5,143.3000030517578
DOV,228.30499267578125,30743873136.980347,134661414,237.5399932861328,158.97000122070312
DOW,38.474998474121094,27730525727.285843,720741438,42.7400016784668,20.402000427246094
DHI,150.3903045654297,42647624367.616684,283579613,184.5500030517578,114.16999816894531
DTE,144.4199981689453,30043448582.548782,208028313,154.6300048828125,126.2300033569336
DUK,125.55500030517578,97681790237.42676,778000000,134.49000549316406,111.22000122070312
DD,49.72999954223633,20383192272.153114,409877186,52.65999984741211,26.815900802612305
ETN,418.6600036621094,162433943865.24475,387985340,435.42999267578125,296.0899963378906
EBAY,108.25,48063000000.0,444000000,111.37999725341797,67.87000274658203
SATS,121.83499908447266,35308712944.898186,289807635,137.44000244140625,14.899999618530273
ECL,264.4200134277344,74678496526.87134,282423768,309.2699890136719,249.0399932861328
EIX,68.75,26454583443.75,384793941,76.22000122070312,47.72999954223633
EW,82.7300033569336,47697296197.30218,576541693,87.88999938964844,72.30000305175781
EA,201.55999755859375,50441137781.30902,250253713,204.88999938964844,141.19000244140625
ELV,374.92498779296875,81419602670.59204,217162380,424.239990234375,273.7099914550781
EME,942.7100219726562,41981297215.06879,44532567,951.9500122070312,427.8999938964844
EMR,145.83999633789062,81962077941.89453,562000000,165.14999389648438,106.52999877929688
ETR,112.95500183105469,51714422305.16556,457832070,118.44999694824219,79.4000015258789
EOG,135.53500366210938,72608244812.3399,535715814,151.8699951171875,101.58999633789062
EPAM,107.79000091552734,5686660478.640335,52756846,222.52999877929688,107.29000091552734
EQT,57.880001068115234,36202667308.08258,625478000,68.23999786376953,48.470001220703125
EFX,171.77999877929688,20722610925.40097,120634597,281.0299987792969,166.02000427246094
EQIX,1095.2349853515625,108016726813.58887,98624248,1128.6800537109375,710.52001953125
EQR,66.68000030517578,24983111404.14074,374671735,71.80000305175781,57.56999969482422
ERIE,217.07000732421875,11350562029.742432,52289868,380.6700134277344,210.07000732421875
ESS,269.30999755859375,17306328773.20099,64261739,294.0899963378906,238.4600067138672
EL,85.6449966430664,30985924280.653496,361794915,121.63999938964844,56.65999984741211
EG,352.7900085449219,14041042340.08789,39800000,368.2900085449219,302.44000244140625
EVRG,81.12000274658203,18680650799.374306,230284149,85.2699966430664,63.290000915527344
ES,69.06999969482422,25959637864.451103,375845345,76.41000366210938,58.91999816894531
EXC,45.61000061035156,46667016525.006516,1023175091,50.650001525878906,41.709999084472656
EXE,97.29000091552734,23274574938.230553,239228849,126.62100219726562,91.01499938964844
EXPE,245.33999633789062,29446215931.646027,120022077,303.79998779296875,148.5500030517578
EXPD,150.52000427246094,20016753301.808975,132984007,167.19000244140625,106.0
EXR,144.1999969482422,30463826326.482788,211260936,155.19000244140625,125.70999908447266
XOM,147.80999755859375,612664629895.7201,4144947162,176.41000366210938,101.19000244140625
FFIV,338.7099914550781,19222808145.05005,56753000,346.0,223.75999450683594
FDS,214.49000549316406,7814112630.352158,36431127,474.7900085449219,185.0
FICO,1051.050048828125,24374802883.668457,23190906,2217.60009765625,870.010009765625
FAST,45.07500076293945,51747681250.45624,1148035061,50.630001068115234,38.970001220703125
FRT,116.67500305175781,10079459823.613907,86389197,117.05000305175781,89.98999786376953
FDX,374.510009765625,89360618519.7041,238606756,404.0299987792969,212.63999938964844
FIS,46.415000915527344,23990483416.492867,516869179,82.73999786376953,43.29999923706055
FITB,51.04999923706055,46242263458.911896,905823000,55.439998626708984,36.54999923706055
FSLR,215.8699951171875,23195956946.135376,107453363,285.989990234375,125.80000305175781
FE,45.869998931884766,26532637379.41885,578431175,52.34000015258789,39.279998779296875
FISV,55.81999969482422,29851280556.638855,534777512,191.91000366210938,52.90999984741211
F,12.104999542236328,48234702462.10247,3984692630,14.800000190734863,9.880000114440918
FTNT,88.87000274658203,65061910927.66833,732102047,108.7699966430664,70.12000274658203
FTV,60.099998474121094,18322146896.919,304861021,62.80500030517578,46.34000015258789
FOXA,62.09000015258789,26412842547.93029,425396078,76.38999938964844,48.88999938964844
FOX,56.02000045776367,23830688484.29087,425396078,68.17500305175781,45.15999984741211
BEN,31.1299991607666,16176304416.963139,519637162,31.440000534057617,19.790000915527344
FCX,60.650001525878906,87186238905.89777,1437530696,70.97000122070312,35.150001525878906
GRMN,240.8300018310547,46445560444.11026,192856206,273.32000732421875,184.47000122070312
IT,150.44000244140625,10072242344.61676,66951889,451.7300109863281,139.17999267578125
GE,304.70001220703125,318359592788.3676,1044829603,348.4800109863281,205.9199981689453
GEHC,61.685001373291016,28060000444.108803,454891786,89.7699966430664,58.75
GEV,1111.2333984375,298610633271.958,268719995,1181.949951171875,387.0299987792969
GEN,19.71500015258789,11940661396.826958,605663774,32.220001220703125,17.780000686645508
GNRC,267.9700012207031,15759782307.561676,58811741,269.2550048828125,113.5
GD,345.5199890136719,93439035241.20523,270430187,369.70001220703125,267.3900146484375
GIS,34.86000061035156,18604127585.213165,533681218,55.349998474121094,33.58000183105469
GM,78.15360260009766,70468383328.36957,901665195,87.62000274658203,44.84000015258789
GPC,105.93499755859375,14737900171.326416,139122108,151.57000732421875,96.08000183105469
GILD,134.6999969482422,167190139451.3468,1241203736,157.2899932861328,95.30000305175781
GPN,69.16000366210938,19035807787.05002,275243013,90.63999938964844,62.45000076293945
GL,154.75999450683594,12140078900.89119,78444555,156.69000244140625,116.7300033569336
GDDY,86.04000091552734,11417240795.207634,132696893,190.49600219726562,73.05999755859375
GS,936.4400024414062,276256750041.47296,295007421,984.7000122070312,547.0599975585938
HAL,40.30500030517578,33670705964.118156,835397735,42.459999084472656,19.219999313354492
HIG,134.14999389648438,36774647829.83826,274130820,144.5,119.61000061035156
HAS,97.18000030517578,13753063689.108948,141521544,106.9800033569336,60.560001373291016
HCA,432.67498779296875,95984532756.99463,221839800,556.52001953125,330.0
DOC,19.110000610351562,13286355196.950989,695256660,19.68000030517578,15.699999809265137
HSIC,73.19000244140625,8374742754.937134,114424682,89.29000091552734,61.95000076293945
HSY,185.5800018310547,37643673347.17731,202843372,239.47999572753906,150.0399932861328
HPE,29.959999084472656,39752547291.6688,1326854089,30.290000915527344,16.174999237060547
HLT,320.9049987792969,73053500538.76892,227648372,344.75,235.99000549316406
HD,321.9200134277344,320641237037.7548,996027658,426.75,310.3999938964844
HON,217.61000061035156,137889255612.3412,633653119,248.17999267578125,186.75999450683594
HRL,20.575000762939453,11322097978.858532,550284207,31.860000610351562,20.31999969482422
HST,21.850000381469727,15018232845.346846,687333299,21.979999542236328,14.369999885559082
HWM,254.4949951171875,102037239375.46985,400940063,267.30999755859375,150.6300048828125
HPQ,21.520000457763672,19755027376.699966,917984524,29.549999237060547,17.559999465942383
HUBB,504.9200134277344,26680870752.385345,52841777,565.4998779296875,346.07000732421875
HUM,248.08999633789062,29786057095.321655,120061500,315.3500061035156,163.11000061035156
HBAN,16.69499969482422,33842944531.33384,2027130587,19.459999084472656,14.789999961853027
HII,314.95001220703125,12401840487.128357,39377171,460.0,215.0500030517578
IBM,227.05999755859375,213410349382.1582,939885280,324.8999938964844,220.72000122070312
IEX,217.1999969482422,16076069068.523987,74015052,223.85000610351562,157.25
IDXX,575.0,45783820125.0,79624035,769.97998046875,465.0
ITW,258.9949951171875,74642357592.77344,288200000,303.1600036621094,236.67999267578125
INCY,99.05999755859375,19790419786.5506,199782155,112.29000091552734,57.77000045776367
IR,79.0999984741211,30954742972.26738,391336834,100.95999908447266,72.44999694824219
PODD,153.49000549316406,10631287842.336945,69263714,354.8800048828125,152.25
INTC,111.38999938964844,559846136932.373,5026000000,113.5,18.969999313354492
IBKR,86.81999969482422,38688457125.14852,445616877,87.0,43.77750015258789
ICE,154.23500061035156,87221820011.48643,565512495,189.35000610351562,143.1699981689453
IFF,81.41500091552734,20796470430.57531,255437821,84.44999694824219,59.13999938964844
IP,33.165000915527344,17560410672.574104,529486211,56.130001068115234,29.450000762939453
INTU,389.5249938964844,108394708144.97482,278274077,813.7000122070312,342.1099853515625
ISRG,449.69000244140625,159263489283.63538,354162842,603.8800048828125,427.8399963378906
IVZ,27.395000457763672,12144203702.926636,443300000,29.610000610351562,14.039999961853027
INVH,28.985000610351562,17218306457.234436,594041956,35.25,24.25
IQV,177.33999633789062,29769415943.515106,167866339,247.0500030517578,134.64999389648438
IRM,133.9949951171875,39866818177.83777,297524681,134.08999633789062,77.7699966430664
JBHT,248.31500244140625,23415906823.167664,94299203,256.17999267578125,130.1199951171875
JBL,365.75,38587583996.5,105502622,366.25,146.8800048828125
JKHY,144.7949981689453,10479846840.208511,72377133,193.38999938964844,144.05999755859375
J,126.45999908447266,14852311218.454323,117446713,168.44000244140625,116.1980209350586
JNJ,223.5050048828125,538025040857.3441,2407216971,251.7100067138672,146.1199951171875
JCI,141.0,86301335046.0,612066206,147.32000732421875,87.7699966430664
JPM,315.67999267578125,845868144808.9122,2679511418,337.25,248.8300018310547
KVUE,17.560699462890625,33715073261.129852,1919916307,25.170000076293945,14.020000457763672
KDP,28.44499969482422,38701113737.3852,1360559471,35.939998626708984,24.8799991607666
KEY,22.315000534057617,24262943875.67711,1087293000,23.350000381469727,15.15999984741211
KEYS,364.29998779296875,62478356834.963684,171502495,366.3493957519531,145.5050048828125
KMB,98.47000122070312,32684753625.183105,331926000,144.30999755859375,92.41999816894531
KIM,23.719999313354492,15996525403.173279,674389792,24.309999465942383,19.760000228881836
KMI,31.459999084472656,69993016278.33118,2224825757,34.72999954223633,25.600000381469727
KKR,101.01000213623047,93547328430.9846,926119458,153.8699951171875,82.66999816894531
KLAC,1801.3599853515625,235307189315.07092,130627521,1939.3599853515625,675.27001953125
KHC,22.834999084472656,27030810305.334312,1183744751,29.190000534057617,21.03499984741211
KR,65.79000091552734,41635146881.58071,632849161,76.58000183105469,58.599998474121094
LHX,300.0899963378906,55905251163.35751,186294951,379.2300109863281,214.10000610351562
LH,257.07000732421875,21079740600.585938,82000000,293.7200012207031,239.6699981689453
LRCX,294.2850036621094,368014874194.6106,1250539000,296.95001220703125,72.58999633789062
LVS,53.154998779296875,35222486201.49155,662637325,70.44999694824219,37.95000076293945
LDOS,129.63999938964844,16306574418.907837,125783512,205.77000427246094,129.35499572753906
LEN,88.25,21735824622.0,246298296,144.24000549316406,83.02999877929688
LII,541.3300170898438,18838267272.166016,34799968,689.4400024414062,434.05999755859375
LLY,987.9849853515625,881027119944.2917,891741406,1133.949951171875,623.780029296875
LIN,502.20001220703125,232190824725.88806,462347310,521.280029296875,387.7799987792969
LYV,166.48500061035156,39144754302.843796,235124811,175.25,125.33999633789062
LMT,508.7099914550781,117290011055.53198,230563608,692.0,410.1099853515625
L,106.09500122070312,21831048832.117706,205768873,114.9000015258789,85.69999694824219
LOW,232.17999267578125,130035398394.71686,560062893,293.05999755859375,210.3300018310547
LULU,131.43499755859375,15418786507.925903,117311118,340.25,127.80000305175781
LITE,909.219970703125,64918305908.203125,71400000,1021.0,60.380001068115234
LYB,73.36499786376953,23679967977.880417,322769286,83.94000244140625,41.58000183105469
MTB,218.16000366210938,32397766043.28012,148504609,239.0,172.3300018310547
MPC,248.94000244140625,72939420715.33203,293000000,261.6099853515625,141.91000366210938
MAR,359.739990234375,95325541227.9602,264984555,380.0,250.00999450683594
MRSH,165.3300018310547,79655085732.52208,481794501,235.77999877929688,164.88999938964844
MLM,614.1900024414062,36879591467.596436,60045900,710.969970703125,530.8599853515625
MAS,72.36000061035156,14733008794.871902,203607085,79.19000244140625,58.15999984741211
MA,491.0199890136719,433857334774.7578,883583855,601.77001953125,480.5
MKC,49.0099983215332,13176004535.705624,268843195,78.16000366210938,47.29999923706055
MCD,283.6000061035156,201590720490.14755,710827631,341.75,283.0199890136719
MCK,750.739990234375,91956231521.27344,122487456,999.0,637.0
MDT,77.49009704589844,99488370456.12982,1283884964,106.33000183105469,77.29000091552734
MRK,113.19499969482422,279571773902.1944,2469824415,125.13999938964844,73.30999755859375
META,611.5999755859375,1552499630753.1748,2538423304,796.25,520.260009765625
MET,80.28500366210938,51798689641.65347,645185119,83.8499984741211,67.33000183105469
MTD,1324.8349609375,26825927330.717773,20248505,1525.1700439453125,1052.050048828125
MGM,38.57500076293945,9869461585.324001,255851235,40.939998626708984,29.190000534057617
MCHP,101.6500015258789,55006420131.40718,541135458,102.0,46.68000030517578
MU,651.2999877929688,734493173650.0151,1127734051,667.6699829101562,78.54000091552734
MSFT,413.0299987792969,3068166376725.2065,7428434704,555.4500122070312,356.2799987792969
MAA,131.7899932861328,15338352274.187897,116384802,166.0399932861328,120.30000305175781
MRNA,48.54499816894531,19261988216.61766,396786259,59.54999923706055,22.280000686645508
TAP,42.67499923706055,8003754144.909668,187551360,57.56999969482422,40.63999938964844
MDLZ,61.869998931884766,79419409651.33414,1283649766,71.1500015258789,51.20000076293945
MPWR,1642.030029296875,80671731731.344,49129267,1661.7900390625,612.9500122070312
MNST,76.93000030517578,75230310570.89323,977906022,87.37999725341797,58.09000015258789
MCO,450.5249938964844,78696101163.80963,174676438,546.8800048828125,402.2799987792969
MS,193.0800018310547,306584051481.93884,1587860206,194.8300018310547,117.20999908447266
MOS,23.53019905090332,7478994800.981606,317846644,38.22999954223633,22.739999771118164
MSI,431.70001220703125,71750100897.55267,166203611,492.2200012207031,359.3599853515625
MSCI,580.7550048828125,42236913047.075195,72727592,626.280029296875,501.0799865722656
NDAQ,89.76000213623047,50762943236.605484,565540798,101.79000091552734,77.08999633789062
NTAP,112.33999633789062,22250098769.001343,198060348,126.66000366210938,91.1500015258789
NFLX,88.125,371076620280.0,4210798528,134.11500549316406,75.01000213623047
NEM,114.03500366210938,121738383352.23499,1067552764,134.8800048828125,48.27000045776367
NWSA,26.290000915527344,14392856902.329231,547465059,31.610000610351562,22.200000762939453
NWS,30.420000076293945,16653887136.54827,547465059,35.58000183105469,25.489999771118164
NEE,95.6594009399414,199482514436.18518,2085341456,98.75,63.880001068115234
NKE,43.42499923706055,64307518278.19786,1480887033,80.16999816894531,42.09000015258789
NI,47.9900016784668,22964807679.49204,478533171,48.97999954223633,37.220001220703125
NDSN,286.79998779296875,15998735225.447876,55783598,305.2799987792969,187.88999938964844
NSC,318.07501220703125,71437739609.70099,224594001,323.3699951171875,218.0500030517578
NTRS,163.3699951171875,30231169635.908936,185047258,173.19000244140625,96.27999877929688
NOC,554.7899780273438,78798749029.18726,142033476,774.0,453.010009765625
NCLH,17.564800262451172,8064177907.565994,459110140,27.18000030517578,16.780000686645508
NRG,150.63999938964844,31992350638.375854,212376200,189.9600067138672,114.19999694824219
NUE,234.1750030517578,53329995128.69403,227735644,234.88999938964844,106.20999908447266
NVDA,204.0500030517578,4959435324172.974,24305000000,216.8300018310547,110.81999969482422
NVR,6075.0048828125,16595862363.999023,2731827,8618.2802734375,5930.0
NXPI,300.69000244140625,75915529360.89447,252471079,301.17999267578125,180.6300048828125
ORLY,95.0999984741211,79151036021.6221,832292716,108.72000122070312,86.7699966430664
OXY,55.65999984741211,55197753623.13933,991695181,67.44999694824219,38.720001220703125
ODFL,200.7899932861328,41849778639.668076,208425619,233.7899932861328,126.01000213623047
OMC,77.02999877929688,21954026929.972046,285006196,87.16999816894531,66.33000183105469
ON,104.5999984741211,40993073180.60319,391903191,105.80999755859375,37.189998626708984
OKE,85.58499908447266,53921361061.6077,630032852,95.30000305175781,64.0199966430664
ORCL,191.75,551481820500.0,2876046000,345.7200012207031,134.57000732421875
OTIS,77.02999877929688,29557648865.876587,383716076,101.41999816894531,75.2699966430664
PCAR,116.26499938964844,61188668093.46538,526286229,131.8800048828125,88.3499984741211
PKG,229.72000122070312,20494100978.58307,89213394,249.50999450683594,178.3000030517578
PLTR,133.31500244140625,319597652066.56744,2397311977,207.52000427246094,105.31999969482422
PANW,182.8350067138672,148279190444.9463,811000000,223.61000061035156,139.57000732421875
PSKY,10.925000190734863,12226965872.11532,1119173058,20.860000610351562,8.619999885559082
PH,902.5549926757812,113799899900.4107,126086389,1034.9599609375,608.3099975585938
PAYX,91.4800033569336,32776450996.638695,358290881,161.24000549316406,85.44999694824219
PYPL,46.1599006652832,41528861132.500885,899673971,79.5,38.459999084472656
PNR,80.30000305175781,12976925435.480972,161605541,113.94999694824219,77.0199966430664
PEP,155.1300048828125,212053558730.09644,1366940966,171.47999572753906,127.5999984741211
PFE,26.223600387573242,149169177989.09903,5688356129,28.75,21.969999313354492
PCG,16.114999771118164,35488850987.67076,2202224728,19.15999984741211,12.970000267028809
PM,169.86500549316406,264744606937.20944,1558558846,191.3000030517578,142.11000061035156
PSX,172.39999389648438,69121195000.88684,400935020,190.61000061035156,104.83000183105469
PNW,100.16999816894531,12139318196.319672,121187166,104.91999816894531,85.31999969482422
PNC,222.35000610351562,89689527191.03073,403370923,243.94000244140625,163.30999755859375
POOL,190.58999633789062,6945671808.311737,36443003,345.0,186.94000244140625
PPG,112.14199829101562,24996451419.067383,222900000,133.42999267578125,93.38999938964844
PPL,37.20500183105469,27984303811.140427,752165097,40.11000061035156,33.119998931884766
PFG,101.12000274658203,21843172863.375732,216012384,103.0,75.0
PG,147.19000244140625,342746489256.8761,2328598978,170.99000549316406,137.6199951171875
PGR,198.7086944580078,116112735885.64868,584336464,289.9599914550781,192.02000427246094
PLD,143.16000366210938,133473511494.32373,932338000,145.44000244140625,103.0199966430664
PRU,99.56500244140625,34648620849.609375,348000000,119.76000213623047,91.88999938964844
PEG,78.91000366210938,39388242074.116455,499153976,91.26000213623047,76.0
PTC,133.97999572753906,15943099113.273743,118996116,219.69000244140625,130.88999938964844
PSA,311.3900146484375,54663193041.19092,175545748,313.510009765625,256.5400085449219
PHM,120.62000274658203,22976464422.046394,190486353,144.5,95.19999694824219
PWR,783.3300170898438,117546619080.6745,150060149,787.586669921875,315.45001220703125
QCOM,194.31500244140625,204808012573.2422,1054000000,205.9499969482422,121.98999786376953
DGX,189.84500122070312,21015163698.632477,110696429,213.5,164.64999389648438
Q,149.5800018310547,31360779692.956924,209658907,151.36000061035156,70.5
RL,370.2900085449219,22454630139.279694,60640659,393.4100036621094,231.86000061035156
RJF,158.96499633789062,30934588287.353516,194600000,177.66000366210938,138.82000732421875
RTX,175.9499969482422,236948945046.84833,1346683428,214.5,126.02999877929688
O,63.79999923706055,59490349737.79662,932450634,67.94000244140625,54.380001068115234
REG,79.19499969482422,14499654104.125977,183088000,81.66000366210938,66.86000061035156
REGN,720.8250122070312,75570596521.17334,104839032,821.1099853515625,476.489990234375
RF,28.309999465942383,24185693204.065887,854316272,31.530000686645508,20.670000076293945
RSG,200.38999938964844,61911731126.308105,308956192,258.75,200.0
RMD,209.89999389648438,30447334116.246094,145056384,293.80999755859375,198.63999938964844
RVTY,98.97000122070312,11065175409.66867,111803327,118.30000305175781,81.22000122070312
HOOD,78.23999786376953,70455513735.99365,900505057,153.86000061035156,45.82500076293945
ROK,452.6300048828125,50890633528.170166,112433186,463.4849853515625,250.32000732421875
ROL,54.190101623535156,26090474707.870483,481462000,66.13999938964844,52.31999969482422
ROP,351.75,35497681028.25,100917359,584.030029296875,313.07000732421875
ROST,227.05999755859375,73441404562.01953,323444928,230.44000244140625,124.48999786376953
RCL,282.2349853515625,75694005687.19263,268194978,366.5,223.0
SPGI,424.54998779296875,125666796386.71875,296000000,579.0499877929688,381.6099853515625
CRM,182.34010314941406,149164004062.72437,818053744,296.04998779296875,163.52000427246094
SNDK,1379.3800048828125,204272051113.13452,148089758,1439.699951171875,33.130001068115234
SBAC,219.21499633789062,23250600156.585693,106063000,245.16000366210938,162.41000366210938
SLB,55.29499816894531,82669210627.46266,1495057661,57.20000076293945,31.639999389648438
STX,774.1849975585938,173594721624.08594,224228992,792.010009765625,91.91999816894531
SRE,93.38999938964844,61014727006.07745,653332556,101.04000091552734,73.05999755859375
NOW,89.30999755859375,92106114962.1582,1031308000,211.47799682617188,81.23999786376953
SHW,324.0299987792969,79917339971.56113,246635621,379.6499938964844,301.5799865722656
SPG,204.1300048828125,77700654999.04834,380642988,208.27999877929688,155.44000244140625
SWKS,64.76000213623047,9740290485.1818,150405963,90.9000015258789,51.93000030517578
SJM,96.50749969482422,10292362613.346016,106648319,119.38999938964844,88.25
SW,41.810001373291016,21927843821.421806,524464078,52.650001525878906,32.729000091552734
SNA,386.2099914550781,20006417535.716675,51801916,400.8800048828125,301.82000732421875
SOLV,70.19999694824219,12179208491.741364,173493006,88.19999694824219,62.380001068115234
SO,93.61499786376953,105532289881.09505,1127301098,100.83999633789062,83.08999633789062
LUV,40.775001525878906,19929748893.3845,488773713,55.11000061035156,28.979999542236328
SWK,81.05000305175781,12599673936.612732,155455564,93.37000274658203,58.22999954223633
SBUX,106.17500305175781,121007650978.08838,1139700000,107.5199966430664,77.98999786376953
STT,150.77999877929688,41730932897.88962,276767033,156.17999267578125,89.19000244140625
STLD,242.0,34899493002.0,144212781,242.74000549316406,119.88999938964844
STE,214.38499450683594,21041245985.327377,98147009,269.44000244140625,209.61000061035156
SYK,290.4599914550781,111241602853.80948,382984253,404.8699951171875,289.9100036621094
SMCI,32.130001068115234,19293485759.14392,600481952,62.36000061035156,19.479999542236328
SYF,74.69999694824219,25126856050.879486,336370242,88.7699966430664,52.99300003051758
SNPS,497.79998779296875,95359574702.19635,191562027,651.72998046875,376.17999267578125
SYY,73.25,35026876036.0,478182608,91.8499984741211,68.19000244140625
TMUS,192.7899932861328,208638240124.65125,1082204717,261.55999755859375,181.36000061035156
TROW,106.3949966430664,22796894826.091232,214266606,118.22000122070312,85.22000122070312
TTWO,223.64500427246094,41413565648.2749,185175456,264.7900085449219,187.6300048828125
TPR,147.07000732421875,30097840525.53955,204649752,161.97000122070312,71.98999786376953
TRGP,248.0915985107422,53327735416.669754,214951799,261.95001220703125,144.13999938964844
TGT,129.39999389648438,58770403589.72818,454176247,133.10000610351562,83.44000244140625
TEL,214.69000244140625,62667109799.94623,291895799,252.55999755859375,147.75
TDY,640.2899780273438,29664082752.045776,46329138,693.3800048828125,471.9599914550781
TER,380.7799987792969,59608124255.26849,156542162,422.1099853515625,73.11000061035156
TSLA,398.56500244140625,1496900093814.3628,3755723871,498.8299865722656,271.0
TXN,290.55999755859375,264436559131.05377,910092791,290.7900085449219,152.72999572753906
TPL,418.5199890136719,28853418422.665466,68941554,547.2000122070312,269.23333740234375
TXT,92.98999786376953,16169935971.72306,173888981,101.56999969482422,69.45999908447266
TMO,473.1099853515625,175817825862.4762,371621465,643.989990234375,385.4599914550781
TJX,154.48240661621094,170828848618.7716,1105814263,165.82000732421875,119.83999633789062
TKO,189.67999267578125,14219867665.560364,74967673,226.94000244140625,152.2899932861328
TTD,24.165000915527344,11501985776.525002,475977047,91.44999694824219,19.739999771118164
TSCO,32.35499954223633,17030095617.585503,526351286,63.9900016784668,31.979999542236328
TT,485.67999267578125,107362222450.30133,221055477,503.4700012207031,348.05999755859375
TDG,1227.5975341796875,69326806685.14124,56473563,1623.8299560546875,1123.6099853515625
TRV,301.2650146484375,64062406551.557495,212644693,313.1199951171875,249.19000244140625
TRMB,65.48320007324219,15197912806.817886,232088731,87.5,62.0
TFC,50.814998626708984,63309353648.17018,1245879275,56.20000076293945,38.27000045776367
TYL,321.8399963378906,13571173562.778168,42167455,621.3400268554688,283.7200012207031
TSN,68.04000091552734,23958884834.464096,352129402,69.4800033569336,50.560001373291016
USB,56.46500015258789,87650605338.28714,1552299745,61.189998626708984,40.88999938964844
UBER,78.33999633789062,161232798649.51416,2058115984,101.98999786376953,68.45999908447266
UDR,37.505001068115234,12185961912.812359,324915653,43.119998931884766,32.939998626708984
ULTA,533.1900024414062,23319934389.668884,43736631,714.969970703125,386.0
UNP,268.29998779296875,159293247800.42426,593713213,274.7900085449219,210.83999633789062
UAL,98.61000061035156,32005821076.18164,324569728,119.20999908447266,71.55000305175781
UPS,99.99720001220703,84964910626.26038,849672897,122.41000366210938,82.0
URI,959.4099731445312,60103731568.96735,62646557,1021.469970703125,645.1799926757812
UNH,367.5050048828125,333772889150.53467,908213180,404.7200012207031,234.60000610351562
UHS,169.77999877929688,10361627145.34082,61029728,246.3300018310547,152.3300018310547
VLO,236.26499938964844,70154823557.99661,296932782,258.42999267578125,115.6500015258789
VTR,86.79000091552734,42194670704.271675,486169723,88.5,61.7599983215332
VLTO,87.36000061035156,21455552027.661896,245599266,110.11000061035156,84.98999786376953
VRSN,275.6499938964844,25084149444.58008,91000000,310.6000061035156,208.86000061035156
VRSK,172.63999938964844,22619610377.630615,131021840,322.9200134277344,161.6999969482422
VZ,47.154998779296875,196898475303.9322,4175558910,51.68000030517578,38.38999938964844
VRTX,426.26800537109375,108357326965.33203,254200000,507.9200134277344,362.5
VRT,352.5400085449219,135413725274.81982,384108816,357.5,91.80999755859375
VTRS,15.880000114440918,18491004168.1774,1164420909,16.469999313354492,8.1899995803833
VICI,28.795000076293945,31005885566.81681,1076780187,34.0099983215332,26.549999237060547
V,319.0,606656272200.0,1901743800,375.510009765625,293.8900146484375
VST,159.1300048828125,53873350489.032715,338549292,219.82000732421875,133.72999572753906
VMC,295.4100036621094,38330891053.02658,129754885,331.0899963378906,252.35000610351562
WRB,66.16999816894531,24633550674.780945,372276732,78.95999908447266,63.68000030517578
GWW,1165.9749755859375,55185578104.85779,47329985,1218.6300048828125,906.52001953125
WAB,272.1549987792969,46178537893.50433,169677346,275.8399963378906,184.25999450683594
WMT,129.74639892578125,1034207315192.8086,7970990515,134.69000244140625,91.88999938964844
DIS,107.05999755859375,189658910923.06036,1771519851,124.69000244140625,91.0
WBD,27.30500030517578,68444882273.46785,2506679418,30.0,8.0600004196167
WM,220.99000549316406,88744227640.40149,401575752,248.1300048828125,194.11000061035156
WAT,350.552001953125,34412109392.761475,98165491,414.1499938964844,275.04998779296875
WEC,114.10399627685547,37163626858.605286,325699608,119.62000274658203,100.61000061035156
WFC,80.44999694824219,246192235453.3428,3060189494,97.76000213623047,71.9000015258789
WELL,214.3498992919922,151312691266.26205,705914450,219.58999633789062,142.64999389648438
WST,313.3500061035156,22137424324.4487,70647595,322.3399963378906,202.7899932861328
WDC,473.23431396484375,163115411799.7254,344682131,480.1099853515625,43.599998474121094
WY,24.295000076293945,17517730240.666183,721042609,27.860000610351562,21.15999984741211
WSM,186.69500732421875,22219702139.754578,119016049,222.0,147.38999938964844
WMB,73.58000183105469,89988214578.0767,1222998265,77.41000366210938,55.81999969482422
WTW,255.61000061035156,24141847203.00647,94447976,352.7900085449219,246.61000061035156
WDAY,123.62999725341797,31778967163.993835,257049000,276.0,110.36000061035156
WYNN,107.55000305175781,11215668372.847351,104283292,134.72000122070312,82.0999984741211
XEL,80.33499908447266,50150694531.06415,624269560,84.2300033569336,65.20999908447266
XYL,118.7699966430664,28230855365.68873,237693493,154.27000427246094,114.1500015258789
YUM,155.96249389648438,43112732462.92938,276430130,169.38999938964844,137.3300018310547
ZBRA,229.9250030517578,11310402922.24617,49191705,352.6600036621094,199.0500030517578
ZBH,83.44999694824219,16144443532.49936,193462482,108.29000091552734,79.83000183105469
ZTS,112.41999816894531,47455596272.84108,422127709,172.22999572753906,111.2699966430664
